{"nm":"animacao","ddd":0,"h":500,"w":500,"meta":{"g":"@lottiefiles/toolkit-js 0.26.1"},"layers":[{"ty":4,"nm":"LOGO/QR Outlines","sr":1,"st":0,"op":300,"ip":300,"hd":false,"ddd":0,"bm":0,"hasMask":false,"ao":0,"ks":{"a":{"a":0,"k":[58,19,0],"ix":1},"s":{"a":0,"k":[100,100,100],"ix":6},"sk":{"a":0,"k":0},"p":{"a":0,"k":[250,120,0],"ix":2},"r":{"a":0,"k":0,"ix":10},"sa":{"a":0,"k":0},"o":{"a":1,"k":[{"o":{"x":0.167,"y":0.167},"i":{"x":0.833,"y":0.833},"s":[0],"t":230},{"s":[100],"t":240}],"ix":11}},"ef":[],"shapes":[{"ty":"gr","bm":0,"hd":false,"mn":"ADBE Vector Group","nm":"Shape 1","ix":1,"cix":2,"np":3,"it":[{"ty":"sh","bm":0,"hd":false,"mn":"ADBE Vector Shape - Group","nm":"Path 1","ix":1,"d":1,"ks":{"a":0,"k":{"c":false,"i":[[0,0]],"o":[[0,0]],"v":[[422,243]]},"ix":2}},{"ty":"st","bm":0,"hd":false,"mn":"ADBE Vector Graphic - Stroke","nm":"Stroke 1","lc":1,"lj":1,"ml":4,"o":{"a":0,"k":100,"ix":4},"w":{"a":0,"k":14,"ix":5},"c":{"a":0,"k":[0.1294,0.4,0.9686],"ix":3}},{"ty":"fl","bm":0,"hd":false,"mn":"ADBE Vector Graphic - Fill","nm":"Fill 1","c":{"a":0,"k":[0.1373,0.6078,0.5922],"ix":4},"r":1,"o":{"a":0,"k":100,"ix":5}},{"ty":"tr","a":{"a":0,"k":[0,0],"ix":1},"s":{"a":0,"k":[100,100],"ix":3},"sk":{"a":0,"k":0,"ix":4},"p":{"a":0,"k":[0,0],"ix":2},"r":{"a":0,"k":0,"ix":6},"sa":{"a":0,"k":0,"ix":5},"o":{"a":0,"k":100,"ix":7}}]},{"ty":"gr","bm":0,"hd":false,"mn":"ADBE Vector Group","nm":"Group 1","ix":2,"cix":2,"np":2,"it":[{"ty":"sh","bm":0,"hd":false,"mn":"ADBE Vector Shape - Group","nm":"Path 1","ix":1,"d":1,"ks":{"a":0,"k":{"c":true,"i":[[0.437,0],[0,0],[0,-0.41],[0,0],[0,0],[0,0]],"o":[[0,0],[-0.409,0],[0,0],[0,0],[0,0],[0,-0.437]],"v":[[1.256,-1.407],[-1.257,-1.407],[-2.021,-0.641],[-2.021,1.407],[2.021,1.407],[2.021,-0.641]]},"ix":2}},{"ty":"fl","bm":0,"hd":false,"mn":"ADBE Vector Graphic - Fill","nm":"Fill 1","c":{"a":0,"k":[0.1373,0.6078,0.5922],"ix":4},"r":1,"o":{"a":0,"k":100,"ix":5}},{"ty":"tr","a":{"a":0,"k":[0,0],"ix":1},"s":{"a":0,"k":[100,100],"ix":3},"sk":{"a":0,"k":0,"ix":4},"p":{"a":0,"k":[23.219,24.543],"ix":2},"r":{"a":0,"k":0,"ix":6},"sa":{"a":0,"k":0,"ix":5},"o":{"a":0,"k":100,"ix":7}}]},{"ty":"gr","bm":0,"hd":false,"mn":"ADBE Vector Group","nm":"Group 2","ix":3,"cix":2,"np":2,"it":[{"ty":"sh","bm":0,"hd":false,"mn":"ADBE Vector Shape - Group","nm":"Path 1","ix":1,"d":1,"ks":{"a":0,"k":{"c":true,"i":[[0.41,0],[0,0],[0,-0.41],[0,0],[0,0],[0,0]],"o":[[0,0],[-0.437,0],[0,0],[0,0],[0,0],[0,-0.437]],"v":[[1.311,-1.407],[-1.311,-1.407],[-2.076,-0.641],[-2.076,1.407],[2.076,1.407],[2.076,-0.641]]},"ix":2}},{"ty":"fl","bm":0,"hd":false,"mn":"ADBE Vector Graphic - Fill","nm":"Fill 1","c":{"a":0,"k":[0.1373,0.6078,0.5922],"ix":4},"r":1,"o":{"a":0,"k":100,"ix":5}},{"ty":"tr","a":{"a":0,"k":[0,0],"ix":1},"s":{"a":0,"k":[100,100],"ix":3},"sk":{"a":0,"k":0,"ix":4},"p":{"a":0,"k":[13.25,24.543],"ix":2},"r":{"a":0,"k":0,"ix":6},"sa":{"a":0,"k":0,"ix":5},"o":{"a":0,"k":100,"ix":7}}]},{"ty":"gr","bm":0,"hd":false,"mn":"ADBE Vector Group","nm":"Group 3","ix":4,"cix":2,"np":2,"it":[{"ty":"sh","bm":0,"hd":false,"mn":"ADBE Vector Shape - Group","nm":"Path 1","ix":1,"d":1,"ks":{"a":0,"k":{"c":true,"i":[[-0.423,0.524],[1.888,0],[1.764,0.616],[-0.549,-0.393],[-1.438,0],[-1.266,0.284]],"o":[[-1.701,0.567],[-1.971,0],[0.415,0.53],[1.341,0.318],[1.351,0],[0.554,-0.384]],"v":[[5.517,-0.866],[0.111,0.013],[-5.517,-0.942],[-4.064,0.45],[0.111,0.942],[4.044,0.504]]},"ix":2}},{"ty":"fl","bm":0,"hd":false,"mn":"ADBE Vector Graphic - Fill","nm":"Fill 1","c":{"a":0,"k":[0.1373,0.6078,0.5922],"ix":4},"r":1,"o":{"a":0,"k":100,"ix":5}},{"ty":"tr","a":{"a":0,"k":[0,0],"ix":1},"s":{"a":0,"k":[100,100],"ix":3},"sk":{"a":0,"k":0,"ix":4},"p":{"a":0,"k":[18.192,35.441],"ix":2},"r":{"a":0,"k":0,"ix":6},"sa":{"a":0,"k":0,"ix":5},"o":{"a":0,"k":100,"ix":7}}]},{"ty":"gr","bm":0,"hd":false,"mn":"ADBE Vector Group","nm":"Group 4","ix":5,"cix":2,"np":2,"it":[{"ty":"sh","bm":0,"hd":false,"mn":"ADBE Vector Shape - Group","nm":"Path 1","ix":1,"d":1,"ks":{"a":0,"k":{"c":true,"i":[[9.969,0],[0,-9.969],[-7.955,-1.89],[0.415,0.53],[0,7.479],[-9.45,0],[0,-9.45],[6.813,-2.273],[0.554,-0.384],[0,8.593]],"o":[[-9.969,0],[0,8.531],[-0.548,-0.392],[-6.697,-2.337],[0,-9.45],[9.45,0],[0,7.561],[-0.423,0.524],[8.078,-1.806],[0,-9.942]],"v":[[0,-17.848],[-18.053,0.206],[-4.175,17.793],[-5.628,16.402],[-17.151,0.206],[0,-16.918],[17.151,0.206],[5.405,16.478],[3.932,17.848],[18.053,0.206]]},"ix":2}},{"ty":"fl","bm":0,"hd":false,"mn":"ADBE Vector Graphic - Fill","nm":"Fill 1","c":{"a":0,"k":[0.1373,0.6078,0.5922],"ix":4},"r":1,"o":{"a":0,"k":100,"ix":5}},{"ty":"tr","a":{"a":0,"k":[0,0],"ix":1},"s":{"a":0,"k":[100,100],"ix":3},"sk":{"a":0,"k":0,"ix":4},"p":{"a":0,"k":[18.303,18.098],"ix":2},"r":{"a":0,"k":0,"ix":6},"sa":{"a":0,"k":0,"ix":5},"o":{"a":0,"k":100,"ix":7}}]},{"ty":"gr","bm":0,"hd":false,"mn":"ADBE Vector Group","nm":"Group 5","ix":6,"cix":2,"np":2,"it":[{"ty":"sh","bm":0,"hd":false,"mn":"ADBE Vector Shape - Group","nm":"Path 1","ix":1,"d":1,"ks":{"a":0,"k":{"c":true,"i":[[0,0],[-0.082,0.191],[0,0.437],[0.027,0.164],[0.027,0.082],[0.055,0.027],[0.082,0],[0,0],[0,0],[0.055,0.055],[0.11,0.055],[0.192,0.028],[0.273,0],[0.191,-0.027],[0.109,-0.054],[0.055,-0.054],[0,-0.082],[0,0],[0,0],[0.055,-0.027],[0.027,-0.082],[0.027,-0.164],[0,-0.219],[-0.082,-0.191],[-0.137,0],[0,0],[0,0],[-0.136,-0.465],[-0.273,-0.301],[-0.437,-0.137],[-0.573,0],[-0.219,0.027],[-0.191,0.055],[-0.136,0.054],[-0.081,0.082],[-0.054,0.191],[0,0.328],[0,0],[0.028,0.082],[0.055,0.027],[0.054,0],[0.055,-0.028],[0.109,-0.028],[0.136,-0.028],[0.164,0],[0.191,0.273],[0,0.574],[0,0]],"o":[[0.137,0],[0.082,-0.164],[0,-0.219],[-0.028,-0.136],[-0.028,-0.082],[-0.054,-0.027],[0,0],[0,0],[0,-0.082],[-0.054,-0.082],[-0.109,-0.027],[-0.191,-0.027],[-0.273,0],[-0.191,0],[-0.137,0.055],[-0.027,0.082],[0,0],[0,0],[-0.055,0],[-0.054,0.027],[-0.027,0.082],[-0.027,0.164],[0,0.409],[0.054,0.191],[0,0],[0,0],[0,0.628],[0.137,0.464],[0.273,0.3],[0.41,0.136],[0.219,0],[0.218,-0.028],[0.164,-0.054],[0.137,-0.055],[0.055,-0.082],[0.028,-0.191],[0,0],[0,-0.136],[-0.027,-0.082],[-0.054,0],[-0.055,0],[-0.054,0.027],[-0.082,0.027],[-0.109,0.027],[-0.464,0],[-0.191,-0.3],[0,0],[0,0]],"v":[[3.223,-1.939],[3.55,-2.212],[3.66,-3.113],[3.632,-3.687],[3.55,-4.042],[3.413,-4.233],[3.223,-4.288],[0.955,-4.288],[0.955,-6.609],[0.873,-6.828],[0.628,-6.992],[0.191,-7.074],[-0.519,-7.101],[-1.23,-7.074],[-1.693,-6.992],[-1.939,-6.828],[-1.993,-6.609],[-1.993,-4.288],[-3.222,-4.288],[-3.415,-4.233],[-3.55,-4.042],[-3.632,-3.687],[-3.66,-3.113],[-3.55,-2.212],[-3.222,-1.939],[-1.967,-1.939],[-1.967,3.414],[-1.775,5.053],[-1.148,6.2],[-0.083,6.883],[1.42,7.101],[2.076,7.074],[2.676,6.964],[3.141,6.801],[3.441,6.609],[3.605,6.227],[3.66,5.435],[3.66,4.943],[3.605,4.616],[3.495,4.452],[3.36,4.424],[3.167,4.452],[2.923,4.534],[2.594,4.616],[2.184,4.643],[1.229,4.206],[0.955,2.922],[0.955,-1.939]]},"ix":2}},{"ty":"fl","bm":0,"hd":false,"mn":"ADBE Vector Graphic - Fill","nm":"Fill 1","c":{"a":0,"k":[0.1373,0.6078,0.5922],"ix":4},"r":1,"o":{"a":0,"k":100,"ix":5}},{"ty":"tr","a":{"a":0,"k":[0,0],"ix":1},"s":{"a":0,"k":[100,100],"ix":3},"sk":{"a":0,"k":0,"ix":4},"p":{"a":0,"k":[111.626,20.46],"ix":2},"r":{"a":0,"k":0,"ix":6},"sa":{"a":0,"k":0,"ix":5},"o":{"a":0,"k":100,"ix":7}}]},{"ty":"gr","bm":0,"hd":false,"mn":"ADBE Vector Group","nm":"Group 6","ix":7,"cix":2,"np":4,"it":[{"ty":"sh","bm":0,"hd":false,"mn":"ADBE Vector Shape - Group","nm":"Path 1","ix":1,"d":1,"ks":{"a":0,"k":{"c":true,"i":[[0,0],[0.355,-0.219],[0.41,0],[0.273,0.245],[0,0.437],[-0.109,0.192],[-0.218,0.137],[-0.328,0.082],[-0.464,0],[0,0]],"o":[[-0.382,0.41],[-0.328,0.191],[-0.492,0],[-0.273,-0.246],[0,-0.246],[0.109,-0.218],[0.219,-0.136],[0.327,-0.082],[0,0],[0,0]],"v":[[1.871,2.553],[0.806,3.482],[-0.315,3.782],[-1.461,3.4],[-1.871,2.39],[-1.734,1.706],[-1.271,1.187],[-0.451,0.887],[0.75,0.778],[1.871,0.778]]},"ix":2}},{"ty":"sh","bm":0,"hd":false,"mn":"ADBE Vector Shape - Group","nm":"Path 2","ix":2,"d":1,"ks":{"a":0,"k":{"c":true,"i":[[0.382,0.328],[0.574,0.164],[0.819,0],[0.437,-0.082],[0.355,-0.109],[0.273,-0.137],[0.11,-0.109],[0.027,-0.137],[0,-0.246],[-0.028,-0.137],[-0.055,-0.109],[-0.055,-0.055],[-0.082,0],[-0.191,0.109],[-0.3,0.136],[-0.383,0.109],[-0.492,0],[-0.246,-0.082],[-0.164,-0.164],[-0.055,-0.246],[0,-0.328],[0,0],[0,0],[0.71,-0.136],[0.464,-0.301],[0.246,-0.437],[0,-0.601],[-0.191,-0.41],[-0.328,-0.273],[-0.465,-0.136],[-0.546,0],[-0.546,0.246],[-0.437,0.464],[0,0],[-0.055,-0.054],[-0.164,-0.027],[-0.355,0],[-0.163,0.027],[-0.082,0.055],[0,0.11],[0,0],[0.164,0.519]],"o":[[-0.356,-0.327],[-0.573,-0.164],[-0.465,0],[-0.437,0.055],[-0.355,0.11],[-0.273,0.136],[-0.109,0.109],[-0.027,0.136],[0,0.191],[0.027,0.164],[0.054,0.109],[0.054,0.055],[0.137,0],[0.191,-0.109],[0.301,-0.137],[0.382,-0.109],[0.355,0],[0.246,0.082],[0.164,0.164],[0.082,0.246],[0,0],[0,0],[-0.928,0],[-0.683,0.137],[-0.464,0.273],[-0.246,0.464],[0,0.574],[0.191,0.437],[0.355,0.273],[0.464,0.137],[0.683,0],[0.546,-0.246],[0,0],[0,0.11],[0.054,0.055],[0.164,0.027],[0.328,0],[0.164,-0.027],[0.082,-0.054],[0,0],[0,-0.71],[-0.164,-0.519]],"v":[[3.673,-4.876],[2.253,-5.613],[0.177,-5.859],[-1.161,-5.749],[-2.362,-5.477],[-3.319,-5.093],[-3.892,-4.712],[-4.111,-4.329],[-4.165,-3.756],[-4.138,-3.264],[-4.029,-2.882],[-3.865,-2.636],[-3.647,-2.554],[-3.155,-2.718],[-2.418,-3.072],[-1.406,-3.428],[-0.095,-3.592],[0.832,-3.482],[1.434,-3.128],[1.762,-2.527],[1.871,-1.679],[1.871,-1.079],[0.859,-1.079],[-1.57,-0.86],[-3.319,-0.205],[-4.384,0.887],[-4.738,2.472],[-4.466,3.946],[-3.673,5.011],[-2.471,5.64],[-0.943,5.859],[0.888,5.476],[2.335,4.411],[2.335,5.23],[2.444,5.476],[2.771,5.613],[3.536,5.64],[4.273,5.613],[4.629,5.476],[4.738,5.23],[4.738,-1.735],[4.492,-3.592]]},"ix":2}},{"ty":"mm","bm":0,"hd":false,"mn":"ADBE Vector Filter - Merge","nm":"Merge Paths 1","mm":1},{"ty":"fl","bm":0,"hd":false,"mn":"ADBE Vector Graphic - Fill","nm":"Fill 1","c":{"a":0,"k":[0.1373,0.6078,0.5922],"ix":4},"r":1,"o":{"a":0,"k":100,"ix":5}},{"ty":"tr","a":{"a":0,"k":[0,0],"ix":1},"s":{"a":0,"k":[100,100],"ix":3},"sk":{"a":0,"k":0,"ix":4},"p":{"a":0,"k":[102.162,21.73],"ix":2},"r":{"a":0,"k":0,"ix":6},"sa":{"a":0,"k":0,"ix":5},"o":{"a":0,"k":100,"ix":7}}]},{"ty":"gr","bm":0,"hd":false,"mn":"ADBE Vector Group","nm":"Group 7","ix":8,"cix":2,"np":2,"it":[{"ty":"sh","bm":0,"hd":false,"mn":"ADBE Vector Shape - Group","nm":"Path 1","ix":1,"d":1,"ks":{"a":0,"k":{"c":true,"i":[[0,0],[0.136,0.546],[0.301,0.41],[0.492,0.245],[0.71,0],[0.519,-0.246],[0.491,-0.491],[0,0],[0.054,0.055],[0.109,0.054],[0.191,0.028],[0.273,0],[0.191,-0.027],[0.109,-0.055],[0.055,-0.054],[0,-0.082],[0,0],[-0.055,-0.054],[-0.109,-0.027],[-0.191,-0.027],[-0.301,0],[-0.191,0.027],[-0.109,0.027],[-0.055,0.055],[0,0.082],[0,0],[-0.382,0.274],[-0.383,0],[-0.218,-0.11],[-0.137,-0.219],[-0.081,-0.3],[0,-0.492],[0,0],[-0.055,-0.054],[-0.109,-0.027],[-0.191,-0.027],[-0.3,0],[-0.192,0.027],[-0.11,0.027],[-0.054,0.055],[0,0.082],[0,0]],"o":[[0,-0.765],[-0.137,-0.547],[-0.3,-0.409],[-0.464,-0.246],[-0.574,0],[-0.519,0.245],[0,0],[0,-0.082],[-0.055,-0.082],[-0.109,-0.055],[-0.191,-0.027],[-0.301,0],[-0.164,0.028],[-0.109,0.054],[-0.055,0.082],[0,0],[0,0.055],[0.055,0.055],[0.109,0.027],[0.191,0.027],[0.3,0],[0.164,-0.027],[0.109,-0.027],[0.054,-0.054],[0,0],[0.409,-0.519],[0.382,-0.273],[0.273,0],[0.219,0.109],[0.136,0.191],[0.082,0.273],[0,0],[0,0.055],[0.054,0.055],[0.11,0.027],[0.192,0.027],[0.274,0],[0.191,-0.027],[0.109,-0.027],[0.055,-0.054],[0,0],[0,0]],"v":[[4.944,1.352],[4.753,-0.614],[4.096,-2.035],[2.922,-2.99],[1.147,-3.346],[-0.492,-2.99],[-2.021,-1.871],[-2.021,-7.606],[-2.103,-7.825],[-2.349,-7.988],[-2.785,-8.098],[-3.496,-8.125],[-4.206,-8.098],[-4.643,-7.988],[-4.888,-7.825],[-4.97,-7.606],[-4.97,7.688],[-4.888,7.879],[-4.643,8.016],[-4.206,8.098],[-3.496,8.125],[-2.785,8.098],[-2.349,8.016],[-2.103,7.879],[-2.021,7.688],[-2.021,0.806],[-0.846,-0.369],[0.273,-0.778],[1.038,-0.614],[1.585,-0.15],[1.911,0.587],[2.021,1.762],[2.021,7.688],[2.103,7.879],[2.349,8.016],[2.785,8.098],[3.495,8.125],[4.206,8.098],[4.643,8.016],[4.888,7.879],[4.97,7.688],[4.944,7.688]]},"ix":2}},{"ty":"fl","bm":0,"hd":false,"mn":"ADBE Vector Graphic - Fill","nm":"Fill 1","c":{"a":0,"k":[0.1373,0.6078,0.5922],"ix":4},"r":1,"o":{"a":0,"k":100,"ix":5}},{"ty":"tr","a":{"a":0,"k":[0,0],"ix":1},"s":{"a":0,"k":[100,100],"ix":3},"sk":{"a":0,"k":0,"ix":4},"p":{"a":0,"k":[90.678,19.245],"ix":2},"r":{"a":0,"k":0,"ix":6},"sa":{"a":0,"k":0,"ix":5},"o":{"a":0,"k":100,"ix":7}}]},{"ty":"gr","bm":0,"hd":false,"mn":"ADBE Vector Group","nm":"Group 8","ix":9,"cix":2,"np":2,"it":[{"ty":"sh","bm":0,"hd":false,"mn":"ADBE Vector Shape - Group","nm":"Path 1","ix":1,"d":1,"ks":{"a":0,"k":{"c":true,"i":[[0.027,0.109],[0.054,0.027],[0.082,0],[0.136,-0.109],[0.219,-0.137],[0.3,-0.109],[0.409,0],[0.3,0.137],[0.191,0.3],[0.109,0.436],[0,0.546],[-0.41,0.574],[-0.764,0],[-0.273,-0.109],[-0.191,-0.136],[-0.137,-0.109],[-0.137,0],[-0.082,0.191],[0,0.437],[0,0.136],[0.028,0.082],[0.028,0.055],[0.082,0.082],[0.219,0.109],[0.273,0.082],[0.3,0.055],[0.301,0],[0.628,-0.245],[0.464,-0.492],[0.246,-0.764],[0,-1.038],[-0.219,-0.711],[-0.409,-0.492],[-0.628,-0.246],[-0.792,0],[-0.327,0.054],[-0.273,0.109],[-0.219,0.136],[-0.082,0.082],[-0.027,0.054],[-0.027,0.082],[0,0.137],[0,0.191],[0,0.191]],"o":[[-0.027,-0.109],[-0.028,-0.028],[-0.109,0],[-0.137,0.137],[-0.218,0.164],[-0.301,0.137],[-0.383,0],[-0.3,-0.164],[-0.192,-0.273],[-0.11,-0.437],[0,-1.12],[0.409,-0.573],[0.41,0],[0.273,0.11],[0.191,0.137],[0.137,0.11],[0.109,0],[0.082,-0.191],[0,-0.191],[-0.027,-0.137],[-0.027,-0.082],[-0.054,-0.054],[-0.082,-0.082],[-0.218,-0.109],[-0.273,-0.082],[-0.301,-0.054],[-0.764,0],[-0.628,0.219],[-0.465,0.491],[-0.246,0.765],[0,0.901],[0.218,0.71],[0.437,0.491],[0.628,0.246],[0.356,0],[0.328,-0.055],[0.273,-0.109],[0.218,-0.137],[0.109,-0.082],[0.027,-0.055],[0.027,-0.109],[0.027,-0.136],[0,-0.246],[0,-0.164]],"v":[[4.179,2.458],[4.07,2.24],[3.906,2.185],[3.523,2.376],[2.977,2.786],[2.213,3.195],[1.174,3.387],[0.137,3.168],[-0.6,2.513],[-1.037,1.448],[-1.201,-0.027],[-0.6,-2.595],[1.147,-3.469],[2.158,-3.305],[2.868,-2.95],[3.387,-2.595],[3.797,-2.431],[4.097,-2.704],[4.206,-3.66],[4.179,-4.151],[4.124,-4.506],[4.042,-4.725],[3.851,-4.943],[3.414,-5.244],[2.704,-5.544],[1.858,-5.763],[0.956,-5.845],[-1.147,-5.49],[-2.785,-4.397],[-3.878,-2.513],[-4.26,0.191],[-3.932,2.595],[-2.977,4.37],[-1.421,5.462],[0.71,5.845],[1.747,5.763],[2.677,5.517],[3.441,5.162],[3.906,4.834],[4.097,4.616],[4.179,4.397],[4.234,4.042],[4.26,3.523],[4.234,2.868]]},"ix":2}},{"ty":"fl","bm":0,"hd":false,"mn":"ADBE Vector Graphic - Fill","nm":"Fill 1","c":{"a":0,"k":[0.1373,0.6078,0.5922],"ix":4},"r":1,"o":{"a":0,"k":100,"ix":5}},{"ty":"tr","a":{"a":0,"k":[0,0],"ix":1},"s":{"a":0,"k":[100,100],"ix":3},"sk":{"a":0,"k":0,"ix":4},"p":{"a":0,"k":[79.835,21.744],"ix":2},"r":{"a":0,"k":0,"ix":6},"sa":{"a":0,"k":0,"ix":5},"o":{"a":0,"k":100,"ix":7}}]},{"ty":"gr","bm":0,"hd":false,"mn":"ADBE Vector Group","nm":"Group 9","ix":10,"cix":2,"np":2,"it":[{"ty":"sh","bm":0,"hd":false,"mn":"ADBE Vector Shape - Group","nm":"Path 1","ix":1,"d":1,"ks":{"a":0,"k":{"c":true,"i":[[0.655,0],[0.246,-0.218],[0,-0.601],[-0.219,-0.218],[-0.655,0],[-0.246,0.219],[0,0.601],[0.246,0.246]],"o":[[-0.655,0],[-0.246,0.219],[0,0.574],[0.246,0.219],[0.655,0],[0.246,-0.245],[0,-0.546],[-0.246,-0.219]],"v":[[0,-1.543],[-1.338,-1.188],[-1.693,0.041],[-1.338,1.215],[0,1.543],[1.338,1.215],[1.693,-0.014],[1.338,-1.215]]},"ix":2}},{"ty":"fl","bm":0,"hd":false,"mn":"ADBE Vector Graphic - Fill","nm":"Fill 1","c":{"a":0,"k":[0.1373,0.6078,0.5922],"ix":4},"r":1,"o":{"a":0,"k":100,"ix":5}},{"ty":"tr","a":{"a":0,"k":[0,0],"ix":1},"s":{"a":0,"k":[100,100],"ix":3},"sk":{"a":0,"k":0,"ix":4},"p":{"a":0,"k":[72.297,13.045],"ix":2},"r":{"a":0,"k":0,"ix":6},"sa":{"a":0,"k":0,"ix":5},"o":{"a":0,"k":100,"ix":7}}]},{"ty":"gr","bm":0,"hd":false,"mn":"ADBE Vector Group","nm":"Group 10","ix":11,"cix":2,"np":2,"it":[{"ty":"sh","bm":0,"hd":false,"mn":"ADBE Vector Shape - Group","nm":"Path 1","ix":1,"d":1,"ks":{"a":0,"k":{"c":true,"i":[[0.109,0.055],[0.191,0.027],[0.273,0],[0.191,-0.028],[0.109,-0.055],[0.055,-0.055],[0,-0.082],[0,0],[-0.055,-0.054],[-0.109,-0.028],[-0.191,-0.028],[-0.3,0],[-0.191,0.027],[-0.109,0.027],[-0.055,0.055],[0,0.082],[0,0],[0.054,0.054]],"o":[[-0.109,-0.055],[-0.191,-0.028],[-0.3,0],[-0.164,0.027],[-0.109,0.055],[-0.055,0.054],[0,0],[0,0.055],[0.055,0.055],[0.109,0.027],[0.191,0.027],[0.3,0],[0.164,-0.028],[0.109,-0.028],[0.054,-0.054],[0,0],[0,-0.055],[-0.055,-0.082]],"v":[[1.147,-5.503],[0.71,-5.612],[0,-5.64],[-0.71,-5.612],[-1.147,-5.503],[-1.393,-5.339],[-1.475,-5.148],[-1.475,5.203],[-1.393,5.394],[-1.147,5.531],[-0.71,5.613],[0,5.64],[0.71,5.613],[1.147,5.531],[1.393,5.394],[1.475,5.203],[1.475,-5.148],[1.393,-5.339]]},"ix":2}},{"ty":"fl","bm":0,"hd":false,"mn":"ADBE Vector Graphic - Fill","nm":"Fill 1","c":{"a":0,"k":[0.1373,0.6078,0.5922],"ix":4},"r":1,"o":{"a":0,"k":100,"ix":5}},{"ty":"tr","a":{"a":0,"k":[0,0],"ix":1},"s":{"a":0,"k":[100,100],"ix":3},"sk":{"a":0,"k":0,"ix":4},"p":{"a":0,"k":[72.297,21.73],"ix":2},"r":{"a":0,"k":0,"ix":6},"sa":{"a":0,"k":0,"ix":5},"o":{"a":0,"k":100,"ix":7}}]},{"ty":"gr","bm":0,"hd":false,"mn":"ADBE Vector Group","nm":"Group 11","ix":12,"cix":2,"np":2,"it":[{"ty":"sh","bm":0,"hd":false,"mn":"ADBE Vector Shape - Group","nm":"Path 1","ix":1,"d":1,"ks":{"a":0,"k":{"c":true,"i":[[0.109,0.055],[0.191,0.027],[0.3,0],[0.191,-0.028],[0.109,-0.055],[0.055,-0.055],[0,-0.082],[0,0],[-0.055,-0.055],[-0.109,-0.027],[-0.191,-0.027],[-0.3,0],[-0.191,0.028],[-0.109,0.028],[-0.055,0.054],[0,0.082],[0,0],[0.054,0.054]],"o":[[-0.109,-0.055],[-0.191,-0.028],[-0.3,0],[-0.164,0.027],[-0.109,0.055],[-0.055,0.082],[0,0],[0,0.054],[0.055,0.054],[0.109,0.028],[0.191,0.028],[0.3,0],[0.164,-0.027],[0.109,-0.027],[0.054,-0.055],[0,0],[0,-0.082],[-0.055,-0.082]],"v":[[1.147,-7.989],[0.71,-8.097],[0,-8.126],[-0.71,-8.097],[-1.147,-7.989],[-1.393,-7.825],[-1.475,-7.606],[-1.475,7.688],[-1.393,7.88],[-1.147,8.016],[-0.71,8.098],[0,8.126],[0.71,8.098],[1.147,8.016],[1.393,7.88],[1.475,7.688],[1.475,-7.606],[1.393,-7.825]]},"ix":2}},{"ty":"fl","bm":0,"hd":false,"mn":"ADBE Vector Graphic - Fill","nm":"Fill 1","c":{"a":0,"k":[0.1373,0.6078,0.5922],"ix":4},"r":1,"o":{"a":0,"k":100,"ix":5}},{"ty":"tr","a":{"a":0,"k":[0,0],"ix":1},"s":{"a":0,"k":[100,100],"ix":3},"sk":{"a":0,"k":0,"ix":4},"p":{"a":0,"k":[66.89,19.245],"ix":2},"r":{"a":0,"k":0,"ix":6},"sa":{"a":0,"k":0,"ix":5},"o":{"a":0,"k":100,"ix":7}}]},{"ty":"gr","bm":0,"hd":false,"mn":"ADBE Vector Group","nm":"Group 12","ix":13,"cix":2,"np":4,"it":[{"ty":"sh","bm":0,"hd":false,"mn":"ADBE Vector Shape - Group","nm":"Path 1","ix":1,"d":1,"ks":{"a":0,"k":{"c":true,"i":[[0.082,-0.464],[0.218,-0.3],[0.327,-0.164],[0.437,0],[0.328,0.164],[0.191,0.327],[0.081,0.437],[0,0.519],[-0.109,0.437],[-0.218,0.301],[-0.328,0.164],[-0.437,0],[-0.328,-0.192],[-0.192,-0.328],[-0.082,-0.437],[0,-0.519]],"o":[[-0.109,0.437],[-0.191,0.301],[-0.328,0.164],[-0.465,0],[-0.328,-0.164],[-0.191,-0.328],[-0.082,-0.437],[0,-0.547],[0.109,-0.41],[0.191,-0.327],[0.328,-0.164],[0.465,0],[0.3,0.163],[0.191,0.328],[0.082,0.437],[0,0.546]],"v":[[2.431,1.474],[1.967,2.566],[1.174,3.249],[0.027,3.495],[-1.174,3.222],[-1.939,2.485],[-2.348,1.365],[-2.485,-0.055],[-2.322,-1.53],[-1.857,-2.623],[-1.065,-3.333],[0.081,-3.579],[1.284,-3.305],[2.049,-2.568],[2.458,-1.448],[2.568,-0.028]]},"ix":2}},{"ty":"sh","bm":0,"hd":false,"mn":"ADBE Vector Shape - Group","nm":"Path 2","ix":2,"d":1,"ks":{"a":0,"k":{"c":true,"i":[[0.437,0.491],[0.683,0.246],[0.928,0],[0.71,-0.274],[0.464,-0.519],[0.246,-0.738],[0,-0.874],[-0.219,-0.71],[-0.437,-0.492],[-0.682,-0.245],[-0.929,0],[-0.71,0.3],[-0.465,0.519],[-0.246,0.738],[0,0.874],[0.246,0.656]],"o":[[-0.437,-0.492],[-0.683,-0.246],[-0.956,0],[-0.71,0.273],[-0.464,0.519],[-0.246,0.737],[0,0.902],[0.218,0.71],[0.437,0.491],[0.683,0.246],[0.956,0],[0.71,-0.301],[0.491,-0.519],[0.246,-0.737],[0,-0.929],[-0.219,-0.71]],"v":[[4.234,-4.343],[2.54,-5.463],[0.109,-5.844],[-2.376,-5.408],[-4.151,-4.207],[-5.216,-2.322],[-5.572,0.108],[-5.243,2.539],[-4.233,4.342],[-2.54,5.462],[-0.136,5.844],[2.376,5.407],[4.152,4.178],[5.217,2.293],[5.572,-0.137],[5.217,-2.541]]},"ix":2}},{"ty":"mm","bm":0,"hd":false,"mn":"ADBE Vector Filter - Merge","nm":"Merge Paths 1","mm":1},{"ty":"fl","bm":0,"hd":false,"mn":"ADBE Vector Graphic - Fill","nm":"Fill 1","c":{"a":0,"k":[0.1373,0.6078,0.5922],"ix":4},"r":1,"o":{"a":0,"k":100,"ix":5}},{"ty":"tr","a":{"a":0,"k":[0,0],"ix":1},"s":{"a":0,"k":[100,100],"ix":3},"sk":{"a":0,"k":0,"ix":4},"p":{"a":0,"k":[58.014,21.772],"ix":2},"r":{"a":0,"k":0,"ix":6},"sa":{"a":0,"k":0,"ix":5},"o":{"a":0,"k":100,"ix":7}}]},{"ty":"gr","bm":0,"hd":false,"mn":"ADBE Vector Group","nm":"Group 13","ix":14,"cix":2,"np":4,"it":[{"ty":"sh","bm":0,"hd":false,"mn":"ADBE Vector Shape - Group","nm":"Path 1","ix":1,"d":1,"ks":{"a":0,"k":{"c":true,"i":[[0.055,-0.382],[0.164,-0.328],[0.273,-0.191],[0.382,0],[0.382,0.273],[0.41,0.518],[0,0],[-0.219,0.218],[-0.192,0.136],[-0.191,0.054],[-0.192,0],[-0.273,-0.191],[-0.164,-0.328],[-0.055,-0.41],[0,-0.437]],"o":[[-0.082,0.41],[-0.164,0.328],[-0.273,0.191],[-0.41,0],[-0.383,-0.273],[0,0],[0.219,-0.328],[0.191,-0.219],[0.191,-0.109],[0.191,-0.055],[0.409,0],[0.273,0.191],[0.137,0.327],[0.082,0.41],[0,0.382]],"v":[[2.089,-0.751],[1.707,0.314],[1.051,1.079],[0.068,1.379],[-1.106,0.942],[-2.281,-0.259],[-2.281,-3.673],[-1.625,-4.465],[-1.024,-4.984],[-0.451,-5.257],[0.123,-5.339],[1.106,-5.066],[1.734,-4.301],[2.062,-3.209],[2.171,-1.925]]},"ix":2}},{"ty":"sh","bm":0,"hd":false,"mn":"ADBE Vector Shape - Group","nm":"Path 2","ix":2,"d":1,"ks":{"a":0,"k":{"c":true,"i":[[0.328,0.519],[0.547,0.301],[0.765,0],[0.328,-0.082],[0.3,-0.164],[0.3,-0.246],[0.301,-0.301],[0,0],[0.027,0.054],[0.11,0.027],[0.164,0.028],[0.245,0],[0.164,-0.027],[0.11,-0.027],[0.028,-0.055],[0,-0.082],[0,0],[-0.055,-0.054],[-0.109,-0.054],[-0.191,-0.027],[-0.273,0],[-0.163,0.028],[-0.109,0.055],[-0.054,0.055],[0,0.082],[0,0],[-0.246,-0.191],[-0.245,-0.109],[-0.246,-0.054],[-0.3,0],[-0.573,0.273],[-0.382,0.519],[-0.191,0.738],[0,0.929],[0.191,0.71]],"o":[[-0.327,-0.519],[-0.519,-0.3],[-0.382,0],[-0.327,0.082],[-0.328,0.164],[-0.301,0.245],[0,0],[0,-0.055],[-0.028,-0.055],[-0.081,-0.027],[-0.136,-0.027],[-0.246,0],[-0.164,0.028],[-0.082,0.027],[-0.027,0.054],[0,0],[0,0.082],[0.054,0.082],[0.11,0.055],[0.191,0.028],[0.301,0],[0.164,-0.027],[0.11,-0.054],[0.055,-0.082],[0,0],[0.246,0.246],[0.246,0.164],[0.246,0.137],[0.246,0.055],[0.738,0],[0.574,-0.273],[0.383,-0.519],[0.192,-0.737],[0,-0.765],[-0.164,-0.683]],"v":[[4.219,-6.159],[2.908,-7.388],[0.969,-7.825],[-0.069,-7.715],[-0.997,-7.36],[-1.898,-6.759],[-2.8,-5.94],[-2.8,-7.169],[-2.854,-7.36],[-3.046,-7.497],[-3.428,-7.579],[-4.001,-7.606],[-4.602,-7.579],[-4.985,-7.497],[-5.176,-7.36],[-5.23,-7.169],[-5.23,7.306],[-5.148,7.524],[-4.903,7.688],[-4.466,7.797],[-3.756,7.825],[-3.046,7.797],[-2.609,7.688],[-2.363,7.524],[-2.281,7.306],[-2.281,2.417],[-1.571,3.045],[-0.861,3.482],[-0.123,3.755],[0.696,3.837],[2.635,3.428],[4.055,2.226],[4.929,0.341],[5.23,-2.144],[4.957,-4.356]]},"ix":2}},{"ty":"mm","bm":0,"hd":false,"mn":"ADBE Vector Filter - Merge","nm":"Merge Paths 1","mm":1},{"ty":"fl","bm":0,"hd":false,"mn":"ADBE Vector Graphic - Fill","nm":"Fill 1","c":{"a":0,"k":[0.1373,0.6078,0.5922],"ix":4},"r":1,"o":{"a":0,"k":100,"ix":5}},{"ty":"tr","a":{"a":0,"k":[0,0],"ix":1},"s":{"a":0,"k":[100,100],"ix":3},"sk":{"a":0,"k":0,"ix":4},"p":{"a":0,"k":[45.983,23.724],"ix":2},"r":{"a":0,"k":0,"ix":6},"sa":{"a":0,"k":0,"ix":5},"o":{"a":0,"k":100,"ix":7}}]},{"ty":"gr","bm":0,"hd":false,"mn":"ADBE Vector Group","nm":"Group 14","ix":15,"cix":2,"np":2,"it":[{"ty":"sh","bm":0,"hd":false,"mn":"ADBE Vector Shape - Group","nm":"Path 1","ix":1,"d":1,"ks":{"a":0,"k":{"c":true,"i":[[-0.273,-0.3],[-0.3,-0.328],[0,0],[0,0],[0,2.895],[3.332,0],[0.055,-2.922],[-0.328,-0.656]],"o":[[0.328,0.41],[0.41,0.464],[0,0],[2.895,-0.055],[0,-2.895],[-2.95,0],[-0.027,1.011],[0.191,0.409]],"v":[[-4.056,2.881],[-2.472,4.711],[-1.434,5.913],[0.041,4.629],[5.312,-0.669],[-0.041,-5.913],[-5.285,-0.697],[-4.766,1.789]]},"ix":2}},{"ty":"fl","bm":0,"hd":false,"mn":"ADBE Vector Graphic - Fill","nm":"Fill 1","c":{"a":0,"k":[0.1373,0.6078,0.5922],"ix":4},"r":1,"o":{"a":0,"k":100,"ix":5}},{"ty":"tr","a":{"a":0,"k":[0,0],"ix":1},"s":{"a":0,"k":[100,100],"ix":3},"sk":{"a":0,"k":0,"ix":4},"p":{"a":0,"k":[19.573,7.747],"ix":2},"r":{"a":0,"k":0,"ix":6},"sa":{"a":0,"k":0,"ix":5},"o":{"a":0,"k":100,"ix":7}}]},{"ty":"gr","bm":0,"hd":false,"mn":"ADBE Vector Group","nm":"Group 15","ix":16,"cix":2,"np":2,"it":[{"ty":"sh","bm":0,"hd":false,"mn":"ADBE Vector Shape - Group","nm":"Path 1","ix":1,"d":1,"ks":{"a":0,"k":{"c":true,"i":[[0,-2.649],[-1.42,-0.847],[0,0],[0,0],[-0.355,0],[0,2.649],[2.677,0]],"o":[[0,1.748],[0,0],[0,0],[0.327,0.081],[2.677,0],[0,-2.649],[-2.676,0]],"v":[[-4.861,-0.423],[-2.512,3.701],[-2.322,5.23],[-1.038,4.275],[-0.001,4.384],[4.861,-0.423],[-0.001,-5.23]]},"ix":2}},{"ty":"fl","bm":0,"hd":false,"mn":"ADBE Vector Graphic - Fill","nm":"Fill 1","c":{"a":0,"k":[0.1373,0.6078,0.5922],"ix":4},"r":1,"o":{"a":0,"k":100,"ix":5}},{"ty":"tr","a":{"a":0,"k":[0,0],"ix":1},"s":{"a":0,"k":[100,100],"ix":3},"sk":{"a":0,"k":0,"ix":4},"p":{"a":0,"k":[24.912,17.196],"ix":2},"r":{"a":0,"k":0,"ix":6},"sa":{"a":0,"k":0,"ix":5},"o":{"a":0,"k":100,"ix":7}}]},{"ty":"gr","bm":0,"hd":false,"mn":"ADBE Vector Group","nm":"Group 16","ix":17,"cix":2,"np":2,"it":[{"ty":"sh","bm":0,"hd":false,"mn":"ADBE Vector Shape - Group","nm":"Path 1","ix":1,"d":1,"ks":{"a":0,"k":{"c":true,"i":[[-0.328,0.082],[0,0],[0,0],[0,1.748],[2.676,0],[0,-2.649],[-2.676,0]],"o":[[0,0],[0,0],[1.365,-0.846],[0,-2.649],[-2.677,0],[0,2.65],[0.355,0]],"v":[[1.052,4.274],[2.336,5.23],[2.527,3.7],[4.848,-0.424],[-0.014,-5.23],[-4.848,-0.424],[0.014,4.383]]},"ix":2}},{"ty":"fl","bm":0,"hd":false,"mn":"ADBE Vector Graphic - Fill","nm":"Fill 1","c":{"a":0,"k":[0.1373,0.6078,0.5922],"ix":4},"r":1,"o":{"a":0,"k":100,"ix":5}},{"ty":"tr","a":{"a":0,"k":[0,0],"ix":1},"s":{"a":0,"k":[100,100],"ix":3},"sk":{"a":0,"k":0,"ix":4},"p":{"a":0,"k":[11.68,15.831],"ix":2},"r":{"a":0,"k":0,"ix":6},"sa":{"a":0,"k":0,"ix":5},"o":{"a":0,"k":100,"ix":7}}]},{"ty":"gr","bm":0,"hd":false,"mn":"ADBE Vector Group","nm":"Group 17","ix":18,"cix":2,"np":2,"it":[{"ty":"sh","bm":0,"hd":false,"mn":"ADBE Vector Shape - Group","nm":"Path 1","ix":1,"d":1,"ks":{"a":0,"k":{"c":true,"i":[[-1.701,0.567],[0,1.677],[0,0],[0,0],[0,0],[1.639,0],[0,1.639],[0,0],[0,0],[0,0],[-0.94,-1.198],[-1.971,0]],"o":[[0.974,-1.207],[0,0],[0,0],[0,0],[0,1.639],[-1.638,0],[0,0],[0,0],[0,0],[0,1.636],[1.764,0.616],[1.888,0]],"v":[[5.488,3.586],[7.047,-0.833],[7.047,-4.465],[3.005,-4.465],[3.005,-0.915],[0.054,2.035],[-2.895,-0.915],[-2.895,-4.465],[-7.047,-4.465],[-7.047,-0.833],[-5.546,3.51],[0.082,4.465]]},"ix":2}},{"ty":"fl","bm":0,"hd":false,"mn":"ADBE Vector Graphic - Fill","nm":"Fill 1","c":{"a":0,"k":[0.1373,0.6078,0.5922],"ix":4},"r":1,"o":{"a":0,"k":100,"ix":5}},{"ty":"tr","a":{"a":0,"k":[0,0],"ix":1},"s":{"a":0,"k":[100,100],"ix":3},"sk":{"a":0,"k":0,"ix":4},"p":{"a":0,"k":[18.221,30.989],"ix":2},"r":{"a":0,"k":0,"ix":6},"sa":{"a":0,"k":0,"ix":5},"o":{"a":0,"k":100,"ix":7}}]},{"ty":"gr","bm":0,"hd":false,"mn":"ADBE Vector Group","nm":"Group 18","ix":19,"cix":2,"np":2,"it":[{"ty":"sh","bm":0,"hd":false,"mn":"ADBE Vector Shape - Group","nm":"Path 1","ix":1,"d":1,"ks":{"a":0,"k":{"c":true,"i":[[1.341,0.319],[-1.53,0],[-1.141,0.792],[1.351,0]],"o":[[1.152,0.824],[1.489,0],[-1.266,0.283],[-1.438,0]],"v":[[-4.053,-0.656],[0.039,0.656],[4.053,-0.601],[0.121,-0.164]]},"ix":2}},{"ty":"fl","bm":0,"hd":false,"mn":"ADBE Vector Graphic - Fill","nm":"Fill 1","c":{"a":0,"k":[0.1373,0.6078,0.5922],"ix":4},"r":1,"o":{"a":0,"k":100,"ix":5}},{"ty":"tr","a":{"a":0,"k":[0,0],"ix":1},"s":{"a":0,"k":[100,100],"ix":3},"sk":{"a":0,"k":0,"ix":4},"p":{"a":0,"k":[18.182,36.546],"ix":2},"r":{"a":0,"k":0,"ix":6},"sa":{"a":0,"k":0,"ix":5},"o":{"a":0,"k":100,"ix":7}}]}],"ind":1},{"ty":4,"nm":"CKECK/QR Outlines","sr":1,"st":0,"op":300,"ip":0,"hd":false,"ddd":0,"bm":0,"hasMask":false,"ao":0,"ks":{"a":{"a":0,"k":[65.5,65.5,0],"ix":1},"s":{"a":1,"k":[{"o":{"x":0.167,"y":0.167},"i":{"x":0.833,"y":0.833},"s":[0,0,100],"t":195},{"o":{"x":0.167,"y":0.167},"i":{"x":0.833,"y":0.833},"s":[120,120,100],"t":210},{"s":[100,100,100],"t":225}],"ix":6},"sk":{"a":0,"k":0},"p":{"a":0,"k":[250,250,0],"ix":2},"r":{"a":0,"k":0,"ix":10},"sa":{"a":0,"k":0},"o":{"a":0,"k":100,"ix":11}},"ef":[],"shapes":[{"ty":"gr","bm":0,"hd":false,"mn":"ADBE Vector Group","nm":"Group 1","ix":1,"cix":2,"np":2,"it":[{"ty":"sh","bm":0,"hd":false,"mn":"ADBE Vector Shape - Group","nm":"Path 1","ix":1,"d":1,"ks":{"a":0,"k":{"c":true,"i":[[0,0],[0,0],[0,0],[0,0],[0,0],[0,0]],"o":[[0,0],[0,0],[0,0],[0,0],[0,0],[0,0]],"v":[[-4.49,32.699],[-35.222,8.758],[-26.484,-2.456],[-7.612,12.245],[23.535,-32.699],[35.222,-24.603]]},"ix":2}},{"ty":"fl","bm":0,"hd":false,"mn":"ADBE Vector Graphic - Fill","nm":"Fill 1","c":{"a":0,"k":[1,1,1],"ix":4},"r":1,"o":{"a":0,"k":100,"ix":5}},{"ty":"tr","a":{"a":0,"k":[0,0],"ix":1},"s":{"a":0,"k":[100,100],"ix":3},"sk":{"a":0,"k":0,"ix":4},"p":{"a":0,"k":[64.527,67.058],"ix":2},"r":{"a":0,"k":0,"ix":6},"sa":{"a":0,"k":0,"ix":5},"o":{"a":0,"k":100,"ix":7}}]},{"ty":"gr","bm":0,"hd":false,"mn":"ADBE Vector Group","nm":"Group 2","ix":2,"cix":2,"np":2,"it":[{"ty":"sh","bm":0,"hd":false,"mn":"ADBE Vector Shape - Group","nm":"Path 1","ix":1,"d":1,"ks":{"a":0,"k":{"c":true,"i":[[-35.898,0],[0,-35.874],[35.898,0],[0,35.875]],"o":[[35.898,0],[0,35.875],[-35.898,0],[0,-35.874]],"v":[[0,-64.956],[64.999,0],[0,64.956],[-64.999,0]]},"ix":2}},{"ty":"fl","bm":0,"hd":false,"mn":"ADBE Vector Graphic - Fill","nm":"Fill 1","c":{"a":0,"k":[0.2784,0.8275,0.1294],"ix":4},"r":1,"o":{"a":0,"k":100,"ix":5}},{"ty":"tr","a":{"a":0,"k":[0,0],"ix":1},"s":{"a":0,"k":[100,100],"ix":3},"sk":{"a":0,"k":0,"ix":4},"p":{"a":0,"k":[65.249,65.206],"ix":2},"r":{"a":0,"k":0,"ix":6},"sa":{"a":0,"k":0,"ix":5},"o":{"a":0,"k":100,"ix":7}}]}],"ind":2},{"ty":4,"nm":"BASE/QR Outlines","sr":1,"st":0,"op":300,"ip":0,"hd":false,"ddd":0,"bm":0,"hasMask":false,"ao":0,"ks":{"a":{"a":0,"k":[74,73.5,0],"ix":1},"s":{"a":0,"k":[100,100,100],"ix":6},"sk":{"a":0,"k":0},"p":{"a":0,"k":[250,250,0],"ix":2},"r":{"a":0,"k":0,"ix":10},"sa":{"a":0,"k":0},"o":{"a":1,"k":[{"o":{"x":0.167,"y":0.167},"i":{"x":0.833,"y":0.833},"s":[0],"t":0},{"o":{"x":0.167,"y":0.167},"i":{"x":0.833,"y":0.833},"s":[0],"t":54},{"o":{"x":0.167,"y":0.167},"i":{"x":0.833,"y":0.833},"s":[100],"t":59},{"o":{"x":0.167,"y":0.167},"i":{"x":0.833,"y":0.833},"s":[100],"t":187},{"o":{"x":0.167,"y":0.167},"i":{"x":0.833,"y":0.833},"s":[100],"t":191},{"s":[0],"t":210}],"ix":11}},"ef":[],"shapes":[{"ty":"gr","bm":0,"hd":false,"mn":"ADBE Vector Group","nm":"Group 1","ix":1,"cix":2,"np":6,"it":[{"ty":"sh","bm":0,"hd":false,"mn":"ADBE Vector Shape - Group","nm":"Path 1","ix":1,"d":1,"ks":{"a":0,"k":{"c":true,"i":[[0,0],[0,0],[0,0],[0,0]],"o":[[0,0],[0,0],[0,0],[0,0]],"v":[[64.847,64.85],[-64.848,64.85],[-64.848,-64.851],[64.847,-64.851]]},"ix":2}},{"ty":"sh","bm":0,"hd":false,"mn":"ADBE Vector Shape - Group","nm":"Path 2","ix":2,"d":1,"ks":{"a":0,"k":{"c":true,"i":[[0,0],[0,0],[0,0],[0,0]],"o":[[0,0],[0,0],[0,0],[0,0]],"v":[[-66.602,66.605],[66.602,66.605],[66.602,-66.605],[-66.602,-66.605]]},"ix":2}},{"ty":"mm","bm":0,"hd":false,"mn":"ADBE Vector Filter - Merge","nm":"Merge Paths 1","mm":1},{"ty":"fl","bm":0,"hd":false,"mn":"ADBE Vector Graphic - Fill","nm":"Fill 1","c":{"a":0,"k":[0,0,0],"ix":4},"r":1,"o":{"a":0,"k":100,"ix":5}},{"ty":"tr","a":{"a":0,"k":[0,0],"ix":1},"s":{"a":0,"k":[100,100],"ix":3},"sk":{"a":0,"k":0,"ix":4},"p":{"a":0,"k":[73.611,73.613],"ix":2},"r":{"a":0,"k":0,"ix":6},"sa":{"a":0,"k":0,"ix":5},"o":{"a":0,"k":100,"ix":7}}]},{"ty":"gr","bm":0,"hd":false,"mn":"ADBE Vector Group","nm":"Group 2","ix":2,"cix":2,"np":2,"it":[{"ty":"sh","bm":0,"hd":false,"mn":"ADBE Vector Shape - Group","nm":"Path 1","ix":1,"d":1,"ks":{"a":0,"k":{"c":true,"i":[[0,0],[0,0],[0,0],[0,0],[0,0],[0,0]],"o":[[0,0],[0,0],[0,0],[0,0],[0,0],[0,0]],"v":[[9.268,2.943],[9.268,9.268],[-9.268,9.268],[-9.268,-9.268],[-2.51,-9.268],[-2.51,2.943]]},"ix":2}},{"ty":"fl","bm":0,"hd":false,"mn":"ADBE Vector Graphic - Fill","nm":"Fill 1","c":{"a":0,"k":[0.9843,0.7451,0.1412],"ix":4},"r":1,"o":{"a":0,"k":100,"ix":5}},{"ty":"tr","a":{"a":0,"k":[0,0],"ix":1},"s":{"a":0,"k":[100,100],"ix":3},"sk":{"a":0,"k":0,"ix":4},"p":{"a":0,"k":[9.518,137.275],"ix":2},"r":{"a":0,"k":0,"ix":6},"sa":{"a":0,"k":0,"ix":5},"o":{"a":0,"k":100,"ix":7}}]},{"ty":"gr","bm":0,"hd":false,"mn":"ADBE Vector Group","nm":"Group 3","ix":3,"cix":2,"np":2,"it":[{"ty":"sh","bm":0,"hd":false,"mn":"ADBE Vector Shape - Group","nm":"Path 1","ix":1,"d":1,"ks":{"a":0,"k":{"c":true,"i":[[0,0],[0,0],[0,0],[0,0],[0,0],[0,0]],"o":[[0,0],[0,0],[0,0],[0,0],[0,0],[0,0]],"v":[[9.268,-9.268],[9.268,9.268],[-9.268,9.268],[-9.268,2.944],[2.508,2.944],[2.508,-9.268]]},"ix":2}},{"ty":"fl","bm":0,"hd":false,"mn":"ADBE Vector Graphic - Fill","nm":"Fill 1","c":{"a":0,"k":[0.9843,0.7451,0.1412],"ix":4},"r":1,"o":{"a":0,"k":100,"ix":5}},{"ty":"tr","a":{"a":0,"k":[0,0],"ix":1},"s":{"a":0,"k":[100,100],"ix":3},"sk":{"a":0,"k":0,"ix":4},"p":{"a":0,"k":[137.704,137.274],"ix":2},"r":{"a":0,"k":0,"ix":6},"sa":{"a":0,"k":0,"ix":5},"o":{"a":0,"k":100,"ix":7}}]},{"ty":"gr","bm":0,"hd":false,"mn":"ADBE Vector Group","nm":"Group 4","ix":4,"cix":2,"np":2,"it":[{"ty":"sh","bm":0,"hd":false,"mn":"ADBE Vector Shape - Group","nm":"Path 1","ix":1,"d":1,"ks":{"a":0,"k":{"c":true,"i":[[0,0],[0,0],[0,0],[0,0],[0,0],[0,0]],"o":[[0,0],[0,0],[0,0],[0,0],[0,0],[0,0]],"v":[[9.268,-9.27],[9.268,-2.511],[-2.51,-2.511],[-2.51,9.27],[-9.268,9.27],[-9.268,-9.27]]},"ix":2}},{"ty":"fl","bm":0,"hd":false,"mn":"ADBE Vector Graphic - Fill","nm":"Fill 1","c":{"a":0,"k":[0.9843,0.7451,0.1412],"ix":4},"r":1,"o":{"a":0,"k":100,"ix":5}},{"ty":"tr","a":{"a":0,"k":[0,0],"ix":1},"s":{"a":0,"k":[100,100],"ix":3},"sk":{"a":0,"k":0,"ix":4},"p":{"a":0,"k":[9.518,9.52],"ix":2},"r":{"a":0,"k":0,"ix":6},"sa":{"a":0,"k":0,"ix":5},"o":{"a":0,"k":100,"ix":7}}]},{"ty":"gr","bm":0,"hd":false,"mn":"ADBE Vector Group","nm":"Group 5","ix":5,"cix":2,"np":2,"it":[{"ty":"sh","bm":0,"hd":false,"mn":"ADBE Vector Shape - Group","nm":"Path 1","ix":1,"d":1,"ks":{"a":0,"k":{"c":true,"i":[[0,0],[0,0],[0,0],[0,0],[0,0],[0,0]],"o":[[0,0],[0,0],[0,0],[0,0],[0,0],[0,0]],"v":[[9.268,-9.27],[9.268,9.27],[2.508,9.27],[2.508,-2.511],[-9.268,-2.511],[-9.268,-9.27]]},"ix":2}},{"ty":"fl","bm":0,"hd":false,"mn":"ADBE Vector Graphic - Fill","nm":"Fill 1","c":{"a":0,"k":[0.9843,0.7451,0.1412],"ix":4},"r":1,"o":{"a":0,"k":100,"ix":5}},{"ty":"tr","a":{"a":0,"k":[0,0],"ix":1},"s":{"a":0,"k":[100,100],"ix":3},"sk":{"a":0,"k":0,"ix":4},"p":{"a":0,"k":[137.704,9.52],"ix":2},"r":{"a":0,"k":0,"ix":6},"sa":{"a":0,"k":0,"ix":5},"o":{"a":0,"k":100,"ix":7}}]}],"ind":3},{"ty":4,"nm":"QR/QR Outlines","sr":1,"st":0,"op":300,"ip":0,"hd":false,"ddd":0,"bm":0,"hasMask":false,"ao":0,"ks":{"a":{"a":0,"k":[47,47,0],"ix":1},"s":{"a":0,"k":[100,100,100],"ix":6},"sk":{"a":0,"k":0},"p":{"a":1,"k":[{"o":{"x":0.167,"y":0.167},"i":{"x":0.833,"y":0.833},"s":[250,250,0],"t":65,"ti":[5.167,-8.167,0],"to":[-5.167,-8.333,0]},{"o":{"x":0.167,"y":0.167},"i":{"x":0.833,"y":0.833},"s":[219,200,0],"t":92,"ti":[-12,-16.5,0],"to":[-5.167,8.167,0]},{"o":{"x":0.167,"y":0.167},"i":{"x":0.833,"y":0.833},"s":[219,299,0],"t":126,"ti":[-5.167,8.167,0],"to":[12,16.5,0]},{"o":{"x":0.167,"y":0.167},"i":{"x":0.833,"y":0.833},"s":[291,299,0],"t":154,"ti":[6.833,8.167,0],"to":[5.167,-8.167,0]},{"s":[250,250,0],"t":183}],"ix":2},"r":{"a":0,"k":0,"ix":10},"sa":{"a":0,"k":0},"o":{"a":1,"k":[{"o":{"x":0.167,"y":0.167},"i":{"x":0.833,"y":0.833},"s":[0],"t":0},{"o":{"x":0.167,"y":0.167},"i":{"x":0.833,"y":0.833},"s":[0],"t":59},{"o":{"x":0.167,"y":0.167},"i":{"x":0.833,"y":0.833},"s":[100],"t":64},{"o":{"x":0.167,"y":0.167},"i":{"x":0.833,"y":0.833},"s":[100],"t":183},{"o":{"x":0.167,"y":0.167},"i":{"x":0.833,"y":0.833},"s":[0],"t":185},{"o":{"x":0.167,"y":0.167},"i":{"x":0.833,"y":0.833},"s":[100],"t":187},{"o":{"x":0.167,"y":0.167},"i":{"x":0.833,"y":0.833},"s":[100],"t":191},{"s":[0],"t":210}],"ix":11}},"ef":[],"shapes":[{"ty":"gr","bm":0,"hd":false,"mn":"ADBE Vector Group","nm":"Group 1","ix":1,"cix":2,"np":2,"it":[{"ty":"sh","bm":0,"hd":false,"mn":"ADBE Vector Shape - Group","nm":"Path 1","ix":1,"d":1,"ks":{"a":0,"k":{"c":true,"i":[[0,0],[0,0],[0,0],[0,0]],"o":[[0,0],[0,0],[0,0],[0,0]],"v":[[-5.496,-5.506],[5.496,-5.506],[5.496,5.506],[-5.496,5.506]]},"ix":2}},{"ty":"fl","bm":0,"hd":false,"mn":"ADBE Vector Graphic - Fill","nm":"Fill 1","c":{"a":0,"k":[0,0,0],"ix":4},"r":1,"o":{"a":0,"k":100,"ix":5}},{"ty":"tr","a":{"a":0,"k":[0,0],"ix":1},"s":{"a":0,"k":[100,100],"ix":3},"sk":{"a":0,"k":0,"ix":4},"p":{"a":0,"k":[13.181,13.14],"ix":2},"r":{"a":0,"k":0,"ix":6},"sa":{"a":0,"k":0,"ix":5},"o":{"a":0,"k":100,"ix":7}}]},{"ty":"gr","bm":0,"hd":false,"mn":"ADBE Vector Group","nm":"Group 2","ix":2,"cix":2,"np":2,"it":[{"ty":"sh","bm":0,"hd":false,"mn":"ADBE Vector Shape - Group","nm":"Path 1","ix":1,"d":1,"ks":{"a":0,"k":{"c":true,"i":[[0,0],[0,0],[0,0],[0,0]],"o":[[0,0],[0,0],[0,0],[0,0]],"v":[[-5.497,-5.501],[5.497,-5.501],[5.497,5.501],[-5.497,5.501]]},"ix":2}},{"ty":"fl","bm":0,"hd":false,"mn":"ADBE Vector Graphic - Fill","nm":"Fill 1","c":{"a":0,"k":[0,0,0],"ix":4},"r":1,"o":{"a":0,"k":100,"ix":5}},{"ty":"tr","a":{"a":0,"k":[0,0],"ix":1},"s":{"a":0,"k":[100,100],"ix":3},"sk":{"a":0,"k":0,"ix":4},"p":{"a":0,"k":[79.995,13.14],"ix":2},"r":{"a":0,"k":0,"ix":6},"sa":{"a":0,"k":0,"ix":5},"o":{"a":0,"k":100,"ix":7}}]},{"ty":"gr","bm":0,"hd":false,"mn":"ADBE Vector Group","nm":"Group 3","ix":3,"cix":2,"np":2,"it":[{"ty":"sh","bm":0,"hd":false,"mn":"ADBE Vector Shape - Group","nm":"Path 1","ix":1,"d":1,"ks":{"a":0,"k":{"c":true,"i":[[0,0],[0,0],[0,0],[0,0]],"o":[[0,0],[0,0],[0,0],[0,0]],"v":[[-5.517,-5.49],[5.517,-5.49],[5.517,5.49],[-5.517,5.49]]},"ix":2}},{"ty":"fl","bm":0,"hd":false,"mn":"ADBE Vector Graphic - Fill","nm":"Fill 1","c":{"a":0,"k":[0,0,0],"ix":4},"r":1,"o":{"a":0,"k":100,"ix":5}},{"ty":"tr","a":{"a":0,"k":[0,0],"ix":1},"s":{"a":0,"k":[100,100],"ix":3},"sk":{"a":0,"k":0,"ix":4},"p":{"a":0,"k":[13.184,79.96],"ix":2},"r":{"a":0,"k":0,"ix":6},"sa":{"a":0,"k":0,"ix":5},"o":{"a":0,"k":100,"ix":7}}]},{"ty":"gr","bm":0,"hd":false,"mn":"ADBE Vector Group","nm":"Group 4","ix":4,"cix":2,"np":2,"it":[{"ty":"sh","bm":0,"hd":false,"mn":"ADBE Vector Shape - Group","nm":"Path 1","ix":1,"d":1,"ks":{"a":0,"k":{"c":true,"i":[[0,0],[0,0],[0,0],[0,0]],"o":[[0,0],[0,0],[0,0],[0,0]],"v":[[-3.979,-2.947],[3.979,-2.947],[3.979,2.947],[-3.979,2.947]]},"ix":2}},{"ty":"fl","bm":0,"hd":false,"mn":"ADBE Vector Graphic - Fill","nm":"Fill 1","c":{"a":0,"k":[0,0,0],"ix":4},"r":1,"o":{"a":0,"k":100,"ix":5}},{"ty":"tr","a":{"a":0,"k":[0,0],"ix":1},"s":{"a":0,"k":[100,100],"ix":3},"sk":{"a":0,"k":0,"ix":4},"p":{"a":0,"k":[88.941,53.54],"ix":2},"r":{"a":0,"k":0,"ix":6},"sa":{"a":0,"k":0,"ix":5},"o":{"a":0,"k":100,"ix":7}}]},{"ty":"gr","bm":0,"hd":false,"mn":"ADBE Vector Group","nm":"Group 5","ix":5,"cix":2,"np":2,"it":[{"ty":"sh","bm":0,"hd":false,"mn":"ADBE Vector Shape - Group","nm":"Path 1","ix":1,"d":1,"ks":{"a":0,"k":{"c":true,"i":[[0,0],[0,0],[0,0],[0,0]],"o":[[0,0],[0,0],[0,0],[0,0]],"v":[[-2.889,-2.947],[2.889,-2.947],[2.889,2.947],[-2.889,2.947]]},"ix":2}},{"ty":"fl","bm":0,"hd":false,"mn":"ADBE Vector Graphic - Fill","nm":"Fill 1","c":{"a":0,"k":[0,0,0],"ix":4},"r":1,"o":{"a":0,"k":100,"ix":5}},{"ty":"tr","a":{"a":0,"k":[0,0],"ix":1},"s":{"a":0,"k":[100,100],"ix":3},"sk":{"a":0,"k":0,"ix":4},"p":{"a":0,"k":[18.7,60.842],"ix":2},"r":{"a":0,"k":0,"ix":6},"sa":{"a":0,"k":0,"ix":5},"o":{"a":0,"k":100,"ix":7}}]},{"ty":"gr","bm":0,"hd":false,"mn":"ADBE Vector Group","nm":"Group 6","ix":6,"cix":2,"np":2,"it":[{"ty":"sh","bm":0,"hd":false,"mn":"ADBE Vector Shape - Group","nm":"Path 1","ix":1,"d":1,"ks":{"a":0,"k":{"c":true,"i":[[0,0],[0,0],[0,0],[0,0]],"o":[[0,0],[0,0],[0,0],[0,0]],"v":[[-2.889,-2.947],[2.889,-2.947],[2.889,2.947],[-2.889,2.947]]},"ix":2}},{"ty":"fl","bm":0,"hd":false,"mn":"ADBE Vector Graphic - Fill","nm":"Fill 1","c":{"a":0,"k":[0,0,0],"ix":4},"r":1,"o":{"a":0,"k":100,"ix":5}},{"ty":"tr","a":{"a":0,"k":[0,0],"ix":1},"s":{"a":0,"k":[100,100],"ix":3},"sk":{"a":0,"k":0,"ix":4},"p":{"a":0,"k":[33.703,89.838],"ix":2},"r":{"a":0,"k":0,"ix":6},"sa":{"a":0,"k":0,"ix":5},"o":{"a":0,"k":100,"ix":7}}]},{"ty":"gr","bm":0,"hd":false,"mn":"ADBE Vector Group","nm":"Group 7","ix":7,"cix":2,"np":2,"it":[{"ty":"sh","bm":0,"hd":false,"mn":"ADBE Vector Shape - Group","nm":"Path 1","ix":1,"d":1,"ks":{"a":0,"k":{"c":true,"i":[[0,0],[0,0],[0,0],[0,0],[-1.98,0]],"o":[[0,0],[0,0],[0,0],[1.991,0],[0,0]],"v":[[2.922,-2.979],[2.922,2.979],[-2.975,2.979],[-2.975,-2.925],[2.975,-2.925]]},"ix":2}},{"ty":"fl","bm":0,"hd":false,"mn":"ADBE Vector Graphic - Fill","nm":"Fill 1","c":{"a":0,"k":[0,0,0],"ix":4},"r":1,"o":{"a":0,"k":100,"ix":5}},{"ty":"tr","a":{"a":0,"k":[0,0],"ix":1},"s":{"a":0,"k":[100,100],"ix":3},"sk":{"a":0,"k":0,"ix":4},"p":{"a":0,"k":[26.774,34.329],"ix":2},"r":{"a":0,"k":0,"ix":6},"sa":{"a":0,"k":0,"ix":5},"o":{"a":0,"k":100,"ix":7}}]},{"ty":"gr","bm":0,"hd":false,"mn":"ADBE Vector Group","nm":"Group 8","ix":8,"cix":2,"np":2,"it":[{"ty":"sh","bm":0,"hd":false,"mn":"ADBE Vector Shape - Group","nm":"Path 1","ix":1,"d":1,"ks":{"a":0,"k":{"c":true,"i":[[0,0],[0,0],[0,0],[0.001,-2.001],[0.002,-0.002],[2.01,0.027]],"o":[[0,0],[0,0],[0,2.044],[-0.002,0.003],[-2.012,-0.024],[0,0]],"v":[[-2.963,2.938],[-2.963,-3.023],[2.966,-3.023],[2.965,3.02],[3.015,2.962],[-3.017,2.884]]},"ix":2}},{"ty":"fl","bm":0,"hd":false,"mn":"ADBE Vector Graphic - Fill","nm":"Fill 1","c":{"a":0,"k":[0,0,0],"ix":4},"r":1,"o":{"a":0,"k":100,"ix":5}},{"ty":"tr","a":{"a":0,"k":[0,0],"ix":1},"s":{"a":0,"k":[100,100],"ix":3},"sk":{"a":0,"k":0,"ix":4},"p":{"a":0,"k":[32.713,28.466],"ix":2},"r":{"a":0,"k":0,"ix":6},"sa":{"a":0,"k":0,"ix":5},"o":{"a":0,"k":100,"ix":7}}]},{"ty":"gr","bm":0,"hd":false,"mn":"ADBE Vector Group","nm":"Group 9","ix":9,"cix":2,"np":2,"it":[{"ty":"sh","bm":0,"hd":false,"mn":"ADBE Vector Shape - Group","nm":"Path 1","ix":1,"d":1,"ks":{"a":0,"k":{"c":true,"i":[[0,0],[0,0],[-1.988,0],[0,0],[0,0],[0,0],[0,0]],"o":[[0,0],[2.074,0],[0,0],[0,0],[0,0],[0,0],[0,0]],"v":[[-2.999,3.059],[-2.999,-3.007],[3.051,-3.007],[2.995,-3.059],[2.995,3.056],[3.048,3.003],[-3.051,3.003]]},"ix":2}},{"ty":"fl","bm":0,"hd":false,"mn":"ADBE Vector Graphic - Fill","nm":"Fill 1","c":{"a":0,"k":[0,0,0],"ix":4},"r":1,"o":{"a":0,"k":100,"ix":5}},{"ty":"tr","a":{"a":0,"k":[0,0],"ix":1},"s":{"a":0,"k":[100,100],"ix":3},"sk":{"a":0,"k":0,"ix":4},"p":{"a":0,"k":[45.815,83.78],"ix":2},"r":{"a":0,"k":0,"ix":6},"sa":{"a":0,"k":0,"ix":5},"o":{"a":0,"k":100,"ix":7}}]},{"ty":"gr","bm":0,"hd":false,"mn":"ADBE Vector Group","nm":"Group 10","ix":10,"cix":2,"np":2,"it":[{"ty":"sh","bm":0,"hd":false,"mn":"ADBE Vector Shape - Group","nm":"Path 1","ix":1,"d":1,"ks":{"a":0,"k":{"c":true,"i":[[0,0],[0,0],[0,0],[0,0]],"o":[[0,0],[0,0],[0,0],[0,0]],"v":[[-2.889,-2.947],[2.889,-2.947],[2.889,2.947],[-2.889,2.947]]},"ix":2}},{"ty":"fl","bm":0,"hd":false,"mn":"ADBE Vector Graphic - Fill","nm":"Fill 1","c":{"a":0,"k":[0,0,0],"ix":4},"r":1,"o":{"a":0,"k":100,"ix":5}},{"ty":"tr","a":{"a":0,"k":[0,0],"ix":1},"s":{"a":0,"k":[100,100],"ix":3},"sk":{"a":0,"k":0,"ix":4},"p":{"a":0,"k":[70.01,77.699],"ix":2},"r":{"a":0,"k":0,"ix":6},"sa":{"a":0,"k":0,"ix":5},"o":{"a":0,"k":100,"ix":7}}]},{"ty":"gr","bm":0,"hd":false,"mn":"ADBE Vector Group","nm":"Group 11","ix":11,"cix":2,"np":2,"it":[{"ty":"sh","bm":0,"hd":false,"mn":"ADBE Vector Shape - Group","nm":"Path 1","ix":1,"d":1,"ks":{"a":0,"k":{"c":true,"i":[[0,0],[0,0],[0,0],[0,0],[-1.98,0]],"o":[[0,0],[0,0],[0,0],[1.991,0],[0.001,0]],"v":[[2.922,-2.979],[2.922,2.979],[-2.975,2.979],[-2.975,-2.925],[2.975,-2.925]]},"ix":2}},{"ty":"fl","bm":0,"hd":false,"mn":"ADBE Vector Graphic - Fill","nm":"Fill 1","c":{"a":0,"k":[0,0,0],"ix":4},"r":1,"o":{"a":0,"k":100,"ix":5}},{"ty":"tr","a":{"a":0,"k":[0,0],"ix":1},"s":{"a":0,"k":[100,100],"ix":3},"sk":{"a":0,"k":0,"ix":4},"p":{"a":0,"k":[45.893,35.192],"ix":2},"r":{"a":0,"k":0,"ix":6},"sa":{"a":0,"k":0,"ix":5},"o":{"a":0,"k":100,"ix":7}}]},{"ty":"gr","bm":0,"hd":false,"mn":"ADBE Vector Group","nm":"Group 12","ix":12,"cix":2,"np":2,"it":[{"ty":"sh","bm":0,"hd":false,"mn":"ADBE Vector Shape - Group","nm":"Path 1","ix":1,"d":1,"ks":{"a":0,"k":{"c":true,"i":[[0,0],[0,0],[0,0],[0.001,-2.001],[0.002,-0.002],[2.01,0.027]],"o":[[0,0],[0,0],[0,2.044],[-0.002,0.003],[-2.012,-0.024],[0,0]],"v":[[-2.963,2.938],[-2.963,-3.023],[2.966,-3.023],[2.965,3.02],[3.015,2.962],[-3.017,2.884]]},"ix":2}},{"ty":"fl","bm":0,"hd":false,"mn":"ADBE Vector Graphic - Fill","nm":"Fill 1","c":{"a":0,"k":[0,0,0],"ix":4},"r":1,"o":{"a":0,"k":100,"ix":5}},{"ty":"tr","a":{"a":0,"k":[0,0],"ix":1},"s":{"a":0,"k":[100,100],"ix":3},"sk":{"a":0,"k":0,"ix":4},"p":{"a":0,"k":[51.831,29.329],"ix":2},"r":{"a":0,"k":0,"ix":6},"sa":{"a":0,"k":0,"ix":5},"o":{"a":0,"k":100,"ix":7}}]},{"ty":"gr","bm":0,"hd":false,"mn":"ADBE Vector Group","nm":"Group 13","ix":13,"cix":2,"np":2,"it":[{"ty":"sh","bm":0,"hd":false,"mn":"ADBE Vector Shape - Group","nm":"Path 1","ix":1,"d":1,"ks":{"a":0,"k":{"c":true,"i":[[0,0],[0,0],[0,0],[0,0],[0,0],[0,0],[0,-2.039],[0,0],[0,0],[0,0],[0,0]],"o":[[0,0],[0,0],[0,0],[0,0],[0,0],[0,2.039],[0,0],[0,0],[0,0],[0,0],[0,0]],"v":[[-9.918,6.09],[-9.918,0.069],[-3.94,0.069],[-3.94,-6.038],[9.961,-6.038],[9.961,-6.09],[9.97,0.026],[8.218,-0.027],[2.072,-0.027],[2.072,6.035],[-9.97,6.035]]},"ix":2}},{"ty":"fl","bm":0,"hd":false,"mn":"ADBE Vector Graphic - Fill","nm":"Fill 1","c":{"a":0,"k":[0,0,0],"ix":4},"r":1,"o":{"a":0,"k":100,"ix":5}},{"ty":"tr","a":{"a":0,"k":[0,0],"ix":1},"s":{"a":0,"k":[100,100],"ix":3},"sk":{"a":0,"k":0,"ix":4},"p":{"a":0,"k":[82.96,86.811],"ix":2},"r":{"a":0,"k":0,"ix":6},"sa":{"a":0,"k":0,"ix":5},"o":{"a":0,"k":100,"ix":7}}]},{"ty":"gr","bm":0,"hd":false,"mn":"ADBE Vector Group","nm":"Group 14","ix":14,"cix":2,"np":2,"it":[{"ty":"sh","bm":0,"hd":false,"mn":"ADBE Vector Shape - Group","nm":"Path 1","ix":1,"d":1,"ks":{"a":0,"k":{"c":true,"i":[[0,0],[0,0],[0,0],[0,0],[0,0],[0,0],[0,0],[0,0],[0,0],[0,0]],"o":[[0,0],[0,0],[0,0],[0,0],[0,0],[0,0],[0,0],[0,0],[0,0],[0,0]],"v":[[-8.937,-6.112],[2.954,-6.112],[2.954,-11.997],[8.937,-11.997],[8.937,11.997],[3.122,11.997],[3.122,0.119],[-3.007,0.119],[-3.007,5.952],[-8.937,5.952]]},"ix":2}},{"ty":"fl","bm":0,"hd":false,"mn":"ADBE Vector Graphic - Fill","nm":"Fill 1","c":{"a":0,"k":[0,0,0],"ix":4},"r":1,"o":{"a":0,"k":100,"ix":5}},{"ty":"tr","a":{"a":0,"k":[0,0],"ix":1},"s":{"a":0,"k":[100,100],"ix":3},"sk":{"a":0,"k":0,"ix":4},"p":{"a":0,"k":[76.046,62.577],"ix":2},"r":{"a":0,"k":0,"ix":6},"sa":{"a":0,"k":0,"ix":5},"o":{"a":0,"k":100,"ix":7}}]},{"ty":"gr","bm":0,"hd":false,"mn":"ADBE Vector Group","nm":"Group 15","ix":15,"cix":2,"np":2,"it":[{"ty":"sh","bm":0,"hd":false,"mn":"ADBE Vector Shape - Group","nm":"Path 1","ix":1,"d":1,"ks":{"a":0,"k":{"c":true,"i":[[0,0],[0,0],[0,0],[0,0],[0,0],[0,0],[0,0],[0,0],[0,0],[-0.002,1.987],[0,0],[0,0],[0,0],[0,0],[0,0],[0,0],[0,0],[0,0],[0,0],[0,0],[0,0],[0,0],[0,0],[0,0],[0,0]],"o":[[0,0],[0,0],[0,0],[0,0],[0,0],[0,0],[0,0],[0,0],[0,-2.106],[0.002,-0.002],[0,0],[0,0],[0,0],[0,0],[0,0],[0,0],[0,0],[0,0],[0,0],[0,0],[0,0],[0,0],[0,0],[0,0],[0,0]],"v":[[-18.025,15.106],[-18.025,9.07],[-12.116,9.07],[-12.116,2.999],[-17.911,2.999],[-17.911,-3.061],[-0.029,-3.061],[-0.029,-9.115],[-12.043,-9.115],[-12.041,-15.191],[-12.094,-15.13],[-6.059,-15.13],[-6.059,-21.167],[0.069,-21.167],[0.069,-15.284],[18.077,-15.284],[18.077,-3.16],[6.208,-3.16],[6.208,2.844],[-5.884,2.844],[-5.884,21.115],[-12.035,21.115],[-11.979,21.167],[-11.979,15.05],[-18.077,15.05]]},"ix":2}},{"ty":"fl","bm":0,"hd":false,"mn":"ADBE Vector Graphic - Fill","nm":"Fill 1","c":{"a":0,"k":[0,0,0],"ix":4},"r":1,"o":{"a":0,"k":100,"ix":5}},{"ty":"tr","a":{"a":0,"k":[0,0],"ix":1},"s":{"a":0,"k":[100,100],"ix":3},"sk":{"a":0,"k":0,"ix":4},"p":{"a":0,"k":[66.887,47.482],"ix":2},"r":{"a":0,"k":0,"ix":6},"sa":{"a":0,"k":0,"ix":5},"o":{"a":0,"k":100,"ix":7}}]},{"ty":"gr","bm":0,"hd":false,"mn":"ADBE Vector Group","nm":"Group 16","ix":16,"cix":2,"np":2,"it":[{"ty":"sh","bm":0,"hd":false,"mn":"ADBE Vector Shape - Group","nm":"Path 1","ix":1,"d":1,"ks":{"a":0,"k":{"c":true,"i":[[0,0],[0,0],[0,0],[0,0],[0,0],[0,0],[0,0],[0,0],[0,0],[0,0],[0,0],[0,0],[0,0],[0,0],[0,0],[0,0],[0,0],[0,0],[0,0],[0,0],[0,0],[0.001,-6.027],[1.99,0],[0,0],[0,0],[0,0],[-2.031,-0.021],[0,0],[0,0],[0,0]],"o":[[0,0],[0,0],[0,0],[0,0],[0,0],[0,0],[0,0],[0,0],[0,0],[0,0],[0,0],[0,0],[0,0],[0,0],[0,0],[0,0],[0,0],[0,0],[0,0],[0,0],[0,6.229],[-1.98,0],[0,0],[0,0],[0,0],[2.031,0.021],[0,0],[0,0],[0,0],[0,0]],"v":[[5.946,2.934],[5.946,8.98],[11.955,8.98],[11.955,21.059],[18.04,21.059],[18.04,27.24],[18.091,27.184],[-0.096,27.184],[-0.044,27.236],[-0.044,21.122],[-0.096,21.174],[5.843,21.174],[5.843,15.059],[-0.096,15.059],[-0.041,15.111],[-0.041,9.079],[-18.091,9.079],[-18.091,-27.24],[-12.207,-27.24],[-12.207,-21.363],[-6.083,-21.363],[-6.084,-3.081],[-12.034,-3.081],[-12.034,2.822],[-6.137,2.822],[-6.137,-3.135],[-0.044,-3.074],[-0.096,-3.13],[-0.096,2.986],[6.001,2.986]]},"ix":2}},{"ty":"fl","bm":0,"hd":false,"mn":"ADBE Vector Graphic - Fill","nm":"Fill 1","c":{"a":0,"k":[0,0,0],"ix":4},"r":1,"o":{"a":0,"k":100,"ix":5}},{"ty":"tr","a":{"a":0,"k":[0,0],"ix":1},"s":{"a":0,"k":[100,100],"ix":3},"sk":{"a":0,"k":0,"ix":4},"p":{"a":0,"k":[48.906,65.662],"ix":2},"r":{"a":0,"k":0,"ix":6},"sa":{"a":0,"k":0,"ix":5},"o":{"a":0,"k":100,"ix":7}}]},{"ty":"gr","bm":0,"hd":false,"mn":"ADBE Vector Group","nm":"Group 17","ix":17,"cix":2,"np":2,"it":[{"ty":"sh","bm":0,"hd":false,"mn":"ADBE Vector Shape - Group","nm":"Path 1","ix":1,"d":1,"ks":{"a":0,"k":{"c":true,"i":[[0,0],[0,0],[0,0],[0,0],[0,0],[0,0],[0,0],[0,0],[0,0],[0,0],[0,0],[0,0],[0,0],[0,0],[0,0],[0,0]],"o":[[0,0],[0,0],[0,0],[0,0],[0,0],[0,0],[0,0],[0,0],[0,0],[0,0],[0,0],[0,0],[0,0],[0,0],[0,0],[0,0]],"v":[[-2.901,17.223],[-8.549,17.223],[-8.549,-0.042],[-3.03,-0.042],[-3.03,-5.752],[-8.577,-5.752],[-8.577,-17.223],[-2.994,-17.223],[-2.994,-11.636],[2.716,-11.636],[2.716,-0.043],[8.577,-0.043],[8.528,-0.096],[8.528,5.76],[-2.841,5.76],[-2.841,11.464]]},"ix":2}},{"ty":"fl","bm":0,"hd":false,"mn":"ADBE Vector Graphic - Fill","nm":"Fill 1","c":{"a":0,"k":[0,0,0],"ix":4},"r":1,"o":{"a":0,"k":100,"ix":5}},{"ty":"tr","a":{"a":0,"k":[0,0],"ix":1},"s":{"a":0,"k":[100,100],"ix":3},"sk":{"a":0,"k":0,"ix":4},"p":{"a":0,"k":[13.184,46.566],"ix":2},"r":{"a":0,"k":0,"ix":6},"sa":{"a":0,"k":0,"ix":5},"o":{"a":0,"k":100,"ix":7}}]},{"ty":"gr","bm":0,"hd":false,"mn":"ADBE Vector Group","nm":"Group 18","ix":18,"cix":2,"np":5,"it":[{"ty":"sh","bm":0,"hd":false,"mn":"ADBE Vector Shape - Group","nm":"Path 1","ix":1,"d":1,"ks":{"a":0,"k":{"c":true,"i":[[0,0],[0,0],[0,0],[0,0]],"o":[[0,0],[0,0],[0,0],[0,0]],"v":[[-9.188,9.166],[9.227,9.166],[9.227,-9.251],[-9.188,-9.251]]},"ix":2}},{"ty":"sh","bm":0,"hd":false,"mn":"ADBE Vector Shape - Group","nm":"Path 2","ix":2,"d":1,"ks":{"a":0,"k":{"c":false,"i":[[0,0]],"o":[[0,0]],"v":[[-9.188,-9.251]]},"ix":2}},{"ty":"sh","bm":0,"hd":false,"mn":"ADBE Vector Shape - Group","nm":"Path 3","ix":3,"d":1,"ks":{"a":0,"k":{"c":true,"i":[[0,0],[0,0],[0,0],[0,0]],"o":[[0,0],[0,0],[0,0],[0,0]],"v":[[12.92,12.921],[-12.92,12.921],[-12.92,-12.921],[12.92,-12.921]]},"ix":2}},{"ty":"mm","bm":0,"hd":false,"mn":"ADBE Vector Filter - Merge","nm":"Merge Paths 1","mm":1},{"ty":"fl","bm":0,"hd":false,"mn":"ADBE Vector Graphic - Fill","nm":"Fill 1","c":{"a":0,"k":[0,0,0],"ix":4},"r":1,"o":{"a":0,"k":100,"ix":5}},{"ty":"tr","a":{"a":0,"k":[0,0],"ix":1},"s":{"a":0,"k":[100,100],"ix":3},"sk":{"a":0,"k":0,"ix":4},"p":{"a":0,"k":[13.181,13.171],"ix":2},"r":{"a":0,"k":0,"ix":6},"sa":{"a":0,"k":0,"ix":5},"o":{"a":0,"k":100,"ix":7}}]},{"ty":"gr","bm":0,"hd":false,"mn":"ADBE Vector Group","nm":"Group 19","ix":19,"cix":2,"np":4,"it":[{"ty":"sh","bm":0,"hd":false,"mn":"ADBE Vector Shape - Group","nm":"Path 1","ix":1,"d":1,"ks":{"a":0,"k":{"c":true,"i":[[0,0],[0,0],[0,0],[0,0]],"o":[[0,0],[0,0],[0,0],[0,0]],"v":[[-9.22,9.178],[9.197,9.178],[9.197,-9.239],[-9.22,-9.239]]},"ix":2}},{"ty":"sh","bm":0,"hd":false,"mn":"ADBE Vector Shape - Group","nm":"Path 2","ix":2,"d":1,"ks":{"a":0,"k":{"c":true,"i":[[0,0],[0,0],[0,0],[0,0]],"o":[[0,0],[0,0],[0,0],[0,0]],"v":[[12.921,12.921],[-12.921,12.921],[-12.921,-12.921],[12.921,-12.921]]},"ix":2}},{"ty":"mm","bm":0,"hd":false,"mn":"ADBE Vector Filter - Merge","nm":"Merge Paths 1","mm":1},{"ty":"fl","bm":0,"hd":false,"mn":"ADBE Vector Graphic - Fill","nm":"Fill 1","c":{"a":0,"k":[0,0,0],"ix":4},"r":1,"o":{"a":0,"k":100,"ix":5}},{"ty":"tr","a":{"a":0,"k":[0,0],"ix":1},"s":{"a":0,"k":[100,100],"ix":3},"sk":{"a":0,"k":0,"ix":4},"p":{"a":0,"k":[80.001,13.171],"ix":2},"r":{"a":0,"k":0,"ix":6},"sa":{"a":0,"k":0,"ix":5},"o":{"a":0,"k":100,"ix":7}}]},{"ty":"gr","bm":0,"hd":false,"mn":"ADBE Vector Group","nm":"Group 20","ix":20,"cix":2,"np":5,"it":[{"ty":"sh","bm":0,"hd":false,"mn":"ADBE Vector Shape - Group","nm":"Path 1","ix":1,"d":1,"ks":{"a":0,"k":{"c":true,"i":[[0,0],[0,0],[0,0],[0,0]],"o":[[0,0],[0,0],[0,0],[0,0]],"v":[[-9.178,9.197],[9.237,9.197],[9.237,-9.22],[-9.178,-9.22]]},"ix":2}},{"ty":"sh","bm":0,"hd":false,"mn":"ADBE Vector Shape - Group","nm":"Path 2","ix":2,"d":1,"ks":{"a":0,"k":{"c":false,"i":[[0,0]],"o":[[0,0]],"v":[[-9.178,-9.22]]},"ix":2}},{"ty":"sh","bm":0,"hd":false,"mn":"ADBE Vector Shape - Group","nm":"Path 3","ix":3,"d":1,"ks":{"a":0,"k":{"c":true,"i":[[0,0],[0,0],[0,0],[0,0]],"o":[[0,0],[0,0],[0,0],[0,0]],"v":[[-12.921,-12.921],[12.921,-12.921],[12.921,12.921],[-12.921,12.921]]},"ix":2}},{"ty":"mm","bm":0,"hd":false,"mn":"ADBE Vector Filter - Merge","nm":"Merge Paths 1","mm":1},{"ty":"fl","bm":0,"hd":false,"mn":"ADBE Vector Graphic - Fill","nm":"Fill 1","c":{"a":0,"k":[0,0,0],"ix":4},"r":1,"o":{"a":0,"k":100,"ix":5}},{"ty":"tr","a":{"a":0,"k":[0,0],"ix":1},"s":{"a":0,"k":[100,100],"ix":3},"sk":{"a":0,"k":0,"ix":4},"p":{"a":0,"k":[13.171,79.96],"ix":2},"r":{"a":0,"k":0,"ix":6},"sa":{"a":0,"k":0,"ix":5},"o":{"a":0,"k":100,"ix":7}}]},{"ty":"gr","bm":0,"hd":false,"mn":"ADBE Vector Group","nm":"Group 21","ix":21,"cix":2,"np":2,"it":[{"ty":"sh","bm":0,"hd":false,"mn":"ADBE Vector Shape - Group","nm":"Path 1","ix":1,"d":1,"ks":{"a":0,"k":{"c":true,"i":[[0,0],[0,0],[0,0],[0,0],[0,0],[0,0],[0,0],[0,0],[0,0],[0,0],[0,0],[0,0],[0,0],[0,0],[0,0],[0,0],[0,0],[0,0],[0,0],[0,0],[0,0],[0,0]],"o":[[0,0],[0,0],[0,0],[0,0],[0,0],[0,0],[0,0],[0,0],[0,0],[0,0],[0,0],[0,0],[0,0],[0,0],[0,0],[0,0],[0,0],[0,0],[0,0],[0,0],[0,0],[0,0]],"v":[[17.545,8.688],[8.743,8.688],[8.782,8.727],[8.782,4.421],[-0.019,4.421],[-0.019,8.727],[0.02,8.688],[-8.784,8.688],[-8.784,4.307],[-4.478,4.307],[-4.478,-0.036],[-8.784,-0.036],[-8.784,-4.456],[-17.545,-4.456],[-17.507,-4.415],[-17.507,-8.727],[4.298,-8.727],[4.298,-4.471],[0.101,-4.471],[0.101,-0.034],[17.544,-0.034],[17.506,-0.074]]},"ix":2}},{"ty":"fl","bm":0,"hd":false,"mn":"ADBE Vector Graphic - Fill","nm":"Fill 1","c":{"a":0,"k":[0,0,0],"ix":4},"r":1,"o":{"a":0,"k":100,"ix":5}},{"ty":"tr","a":{"a":0,"k":[0,0],"ix":1},"s":{"a":0,"k":[100,100],"ix":3},"sk":{"a":0,"k":0,"ix":4},"p":{"a":0,"k":[47.308,12.498],"ix":2},"r":{"a":0,"k":0,"ix":6},"sa":{"a":0,"k":0,"ix":5},"o":{"a":0,"k":100,"ix":7}}]}],"ind":4},{"ty":4,"nm":"CELL/QR Outlines","sr":1,"st":0,"op":300,"ip":0,"hd":false,"ddd":0,"bm":0,"hasMask":false,"ao":0,"ks":{"a":{"a":0,"k":[110.5,418,0],"ix":1},"s":{"a":1,"k":[{"o":{"x":1,"y":-0.045},"i":{"x":0.98,"y":1.002},"s":[0,0,100],"t":0},{"o":{"x":0.402,"y":0.532},"i":{"x":0.445,"y":4.453},"s":[107.18,107.18,100],"t":30},{"s":[100,100,100],"t":61}],"ix":6},"sk":{"a":0,"k":0},"p":{"a":0,"k":[250,459,0],"ix":2},"r":{"a":0,"k":0,"ix":10},"sa":{"a":0,"k":0},"o":{"a":0,"k":100,"ix":11}},"ef":[],"shapes":[{"ty":"gr","bm":0,"hd":false,"mn":"ADBE Vector Group","nm":"Group 1","ix":1,"cix":2,"np":4,"it":[{"ty":"sh","bm":0,"hd":false,"mn":"ADBE Vector Shape - Group","nm":"Path 1","ix":1,"d":1,"ks":{"a":0,"k":{"c":true,"i":[[-14.659,0],[-14.659,0.004],[-0.692,0.087],[0.048,0.661],[0.619,0.085],[0.559,0],[29.599,-0.002],[0.487,-0.052],[0.05,-0.596],[-0.751,-0.071],[-0.631,0]],"o":[[14.659,0],[0.7,0],[0.651,-0.082],[-0.042,-0.584],[-0.552,-0.077],[-29.599,-0.004],[-0.49,0],[-0.685,0.074],[-0.054,0.648],[0.626,0.06],[14.659,0.001]],"v":[[-0.008,1.364],[43.97,1.361],[46.068,1.279],[47.093,-0.101],[46.044,-1.239],[44.367,-1.32],[-44.431,-1.322],[-45.902,-1.277],[-47.163,-0.08],[-45.878,1.323],[-43.986,1.363]]},"ix":2}},{"ty":"sh","bm":0,"hd":false,"mn":"ADBE Vector Shape - Group","nm":"Path 2","ix":2,"d":1,"ks":{"a":0,"k":{"c":true,"i":[[14.665,0],[14.735,0.003],[0.691,0.088],[-0.015,1.534],[-1.479,0.245],[-0.77,0],[-13.823,0],[-15.578,-0.003],[-0.692,-0.088],[0.067,-1.67],[1.624,-0.158],[0.701,0]],"o":[[-14.735,0],[-0.701,0],[-1.538,-0.197],[0.014,-1.463],[0.754,-0.124],[13.823,-0.006],[15.577,0],[0.7,0],[1.708,0.219],[-0.064,1.573],[-0.696,0.068],[-14.665,0.001]],"v":[[0.002,3.089],[-44.204,3.087],[-46.305,3.027],[-48.937,-0.03],[-46.437,-2.98],[-44.131,-3.089],[-2.662,-3.093],[44.07,-3.091],[46.171,-3.029],[48.885,0.149],[46.1,3.05],[43.997,3.088]]},"ix":2}},{"ty":"mm","bm":0,"hd":false,"mn":"ADBE Vector Filter - Merge","nm":"Merge Paths 1","mm":1},{"ty":"fl","bm":0,"hd":false,"mn":"ADBE Vector Graphic - Fill","nm":"Fill 1","c":{"a":0,"k":[0.9843,0.7451,0.1412],"ix":4},"r":1,"o":{"a":0,"k":100,"ix":5}},{"ty":"tr","a":{"a":0,"k":[0,0],"ix":1},"s":{"a":0,"k":[100,100],"ix":3},"sk":{"a":0,"k":0,"ix":4},"p":{"a":0,"k":[112.71,386.718],"ix":2},"r":{"a":0,"k":0,"ix":6},"sa":{"a":0,"k":0,"ix":5},"o":{"a":0,"k":100,"ix":7}}]},{"ty":"gr","bm":0,"hd":false,"mn":"ADBE Vector Group","nm":"Group 2","ix":2,"cix":2,"np":2,"it":[{"ty":"sh","bm":0,"hd":false,"mn":"ADBE Vector Shape - Group","nm":"Path 1","ix":1,"d":1,"ks":{"a":0,"k":{"c":true,"i":[[-1.644,0.03],[0.037,1.588],[1.571,-0.028],[-0.026,-1.61]],"o":[[1.614,-0.029],[-0.037,-1.58],[-1.589,0.029],[0.027,1.639]],"v":[[0.032,2.946],[2.941,-0.038],[-0.074,-2.948],[-2.952,0.071]]},"ix":2}},{"ty":"fl","bm":0,"hd":false,"mn":"ADBE Vector Graphic - Fill","nm":"Fill 1","c":{"a":0,"k":[0.2745,0.3412,0.3373],"ix":4},"r":1,"o":{"a":0,"k":100,"ix":5}},{"ty":"tr","a":{"a":0,"k":[0,0],"ix":1},"s":{"a":0,"k":[100,100],"ix":3},"sk":{"a":0,"k":0,"ix":4},"p":{"a":0,"k":[152.481,22.169],"ix":2},"r":{"a":0,"k":0,"ix":6},"sa":{"a":0,"k":0,"ix":5},"o":{"a":0,"k":100,"ix":7}}]},{"ty":"gr","bm":0,"hd":false,"mn":"ADBE Vector Group","nm":"Group 3","ix":3,"cix":2,"np":2,"it":[{"ty":"sh","bm":0,"hd":false,"mn":"ADBE Vector Shape - Group","nm":"Path 1","ix":1,"d":1,"ks":{"a":0,"k":{"c":true,"i":[[-8.617,0],[-8.547,0.002],[-0.621,0.08],[-0.008,1.031],[1.082,0.159],[0.63,0],[13.802,0],[3.503,-0.007],[0.541,-0.11],[0,-0.893],[-1.028,-0.139],[-0.63,0]],"o":[[8.547,0],[0.63,-0.001],[1.073,-0.138],[0.008,-1.036],[-0.619,-0.092],[-13.802,-0.002],[-3.503,0],[-0.558,0.001],[-0.942,0.192],[-0.001,0.983],[0.621,0.083],[8.618,0.003]],"v":[[0.102,2.066],[25.742,2.066],[27.632,2.019],[29.415,0.019],[27.664,-2.007],[25.776,-2.067],[-15.628,-2.068],[-26.137,-2.064],[-27.808,-1.972],[-29.422,-0.015],[-27.638,2.011],[-25.75,2.064]]},"ix":2}},{"ty":"fl","bm":0,"hd":false,"mn":"ADBE Vector Graphic - Fill","nm":"Fill 1","c":{"a":0,"k":[0.3922,0.2745,0.0745],"ix":4},"r":1,"o":{"a":0,"k":100,"ix":5}},{"ty":"tr","a":{"a":0,"k":[0,0],"ix":1},"s":{"a":0,"k":[100,100],"ix":3},"sk":{"a":0,"k":0,"ix":4},"p":{"a":0,"k":[112.681,22.184],"ix":2},"r":{"a":0,"k":0,"ix":6},"sa":{"a":0,"k":0,"ix":5},"o":{"a":0,"k":100,"ix":7}}]},{"ty":"gr","bm":0,"hd":false,"mn":"ADBE Vector Group","nm":"Group 4","ix":4,"cix":2,"np":2,"it":[{"ty":"sh","bm":0,"hd":false,"mn":"ADBE Vector Shape - Group","nm":"Path 1","ix":1,"d":1,"ks":{"a":0,"k":{"c":true,"i":[[0,-59.579],[0,-59.719],[0.014,-0.772],[-4.815,-1.128],[-1.261,0],[-55.93,0.001],[-0.63,0.034],[-1.141,4.297],[0,1.262],[0,119.93],[0.037,0.559],[3.755,1.773],[1.636,-0.002],[9.544,-0.001],[0.005,-2.258],[0.146,-1.884],[5.518,-0.583],[1.05,-0.001],[26.596,0],[0.347,0.038],[1.149,0.283],[0.102,5.661],[0.025,1.824],[1.048,0.043],[0.421,0],[9.193,-0.001],[0.559,-0.039],[0.065,-5.623],[0,-0.772]],"o":[[0,59.719],[0,0.772],[-0.077,3.995],[1.253,0.294],[55.93,0.003],[0.632,0],[4.436,-0.236],[0.331,-1.246],[0,-119.93],[0,-0.561],[-0.28,-4.146],[-1.478,-0.698],[-9.544,0.009],[-1.991,0.001],[-0.005,1.893],[-0.455,5.87],[-1.045,0.111],[-26.596,0.01],[-0.351,0],[-1.184,-0.129],[-5.469,-1.344],[-0.032,-1.824],[-0.014,-1.101],[-0.421,-0.017],[-9.193,0],[-0.561,0.001],[-5.606,0.397],[-0.009,0.772],[0,59.579]],"v":[[-95.368,0.049],[-95.368,179.207],[-95.367,181.524],[-87.641,191.102],[-83.877,191.391],[83.912,191.392],[85.807,191.374],[95.092,183.779],[95.416,180.019],[95.416,-179.771],[95.407,-181.455],[89.359,-190.37],[84.644,-191.279],[56.012,-191.275],[53.968,-189.15],[53.876,-183.472],[43.031,-172.309],[39.883,-172.117],[-39.906,-172.109],[-40.958,-172.119],[-44.502,-172.566],[-53.984,-184.538],[-54,-190.011],[-55.193,-191.268],[-56.456,-191.275],[-84.035,-191.275],[-85.719,-191.249],[-95.366,-181.003],[-95.368,-178.688]]},"ix":2}},{"ty":"fl","bm":0,"hd":false,"mn":"ADBE Vector Graphic - Fill","nm":"Fill 1","c":{"a":0,"k":[1,1,1],"ix":4},"r":1,"o":{"a":0,"k":100,"ix":5}},{"ty":"tr","a":{"a":0,"k":[0,0],"ix":1},"s":{"a":0,"k":[100,100],"ix":3},"sk":{"a":0,"k":0,"ix":4},"p":{"a":0,"k":[112.7,205.075],"ix":2},"r":{"a":0,"k":0,"ix":6},"sa":{"a":0,"k":0,"ix":5},"o":{"a":0,"k":100,"ix":7}}]},{"ty":"gr","bm":0,"hd":false,"mn":"ADBE Vector Group","nm":"Group 5","ix":5,"cix":2,"np":2,"it":[{"ty":"sh","bm":0,"hd":false,"mn":"ADBE Vector Shape - Group","nm":"Path 1","ix":1,"d":1,"ks":{"a":0,"k":{"c":true,"i":[[0,59.856],[0.004,59.927],[-0.296,1.458],[-6.809,0.686],[-0.911,0],[-56.137,0.002],[-1.51,-0.36],[-0.321,-7.283],[0,-0.632],[-0.002,-119.853],[0.516,-1.85],[5.97,-0.346],[1.051,0],[55.576,0],[2.052,0.583],[0.137,6.906],[0,0.702]],"o":[[0,-59.926],[0,-1.476],[1.362,-6.683],[0.905,-0.091],[56.137,-0.006],[1.547,0],[7.078,1.689],[0.027,0.631],[0,119.852],[0,1.898],[-1.914,6.864],[-1.05,0.061],[-55.576,0.005],[-2.108,0],[-6.635,-1.887],[-0.013,-0.701],[0,-59.856]],"v":[[-101.142,-0.213],[-101.145,-179.992],[-100.798,-184.386],[-86.943,-196.928],[-84.212,-197.051],[84.199,-197.058],[88.799,-196.649],[101.125,-181.697],[101.137,-179.803],[101.139,179.755],[100.558,185.385],[86.533,196.945],[83.379,197.054],[-83.348,197.057],[-89.606,196.413],[-101.139,181.46],[-101.142,179.355]]},"ix":2}},{"ty":"fl","bm":0,"hd":false,"mn":"ADBE Vector Graphic - Fill","nm":"Fill 1","c":{"a":0,"k":[0.9843,0.7451,0.1412],"ix":4},"r":1,"o":{"a":0,"k":100,"ix":5}},{"ty":"tr","a":{"a":0,"k":[0,0],"ix":1},"s":{"a":0,"k":[100,100],"ix":3},"sk":{"a":0,"k":0,"ix":4},"p":{"a":0,"k":[112.693,204.674],"ix":2},"r":{"a":0,"k":0,"ix":6},"sa":{"a":0,"k":0,"ix":5},"o":{"a":0,"k":100,"ix":7}}]},{"ty":"gr","bm":0,"hd":false,"mn":"ADBE Vector Group","nm":"Group 6","ix":6,"cix":2,"np":2,"it":[{"ty":"sh","bm":0,"hd":false,"mn":"ADBE Vector Shape - Group","nm":"Path 1","ix":1,"d":1,"ks":{"a":0,"k":{"c":true,"i":[[0,3.217],[0.007,3.287],[0.064,0.411],[0.186,-0.07],[0.261,-0.215],[-0.001,-1.295],[-0.012,-4.965],[-0.113,-0.543],[-0.923,-0.469],[-0.023,0.365],[0,0.419]],"o":[[0,-3.287],[0,-0.416],[-0.038,-0.25],[-0.319,0.121],[-1.076,0.888],[0.004,4.966],[0.002,0.556],[0.212,1.023],[0.326,0.165],[0.027,-0.419],[0.002,-3.218]],"v":[[1.371,-0.042],[1.367,-9.903],[1.279,-11.149],[0.789,-11.38],[-0.122,-10.898],[-1.372,-7.481],[-1.362,7.415],[-1.193,9.079],[0.583,11.285],[1.34,10.868],[1.37,9.61]]},"ix":2}},{"ty":"fl","bm":0,"hd":false,"mn":"ADBE Vector Graphic - Fill","nm":"Fill 1","c":{"a":0,"k":[0.8078,0.5843,0.2196],"ix":4},"r":1,"o":{"a":0,"k":100,"ix":5}},{"ty":"tr","a":{"a":0,"k":[0,0],"ix":1},"s":{"a":0,"k":[100,100],"ix":3},"sk":{"a":0,"k":0,"ix":4},"p":{"a":0,"k":[3.409,43.187],"ix":2},"r":{"a":0,"k":0,"ix":6},"sa":{"a":0,"k":0,"ix":5},"o":{"a":0,"k":100,"ix":7}}]},{"ty":"gr","bm":0,"hd":false,"mn":"ADBE Vector Group","nm":"Group 7","ix":7,"cix":2,"np":2,"it":[{"ty":"sh","bm":0,"hd":false,"mn":"ADBE Vector Shape - Group","nm":"Path 1","ix":1,"d":1,"ks":{"a":0,"k":{"c":true,"i":[[0,4.618],[0.011,4.758],[0.408,0.233],[0.363,-0.309],[0.084,-0.801],[0.001,-0.697],[-0.008,-7.136],[-0.077,-0.693],[-0.587,-0.536],[-0.218,0.209],[-0.001,0.396]],"o":[[0,-4.758],[-0.001,-0.395],[-0.514,-0.293],[-0.605,0.515],[-0.073,0.693],[-0.008,7.137],[0.001,0.698],[0.089,0.797],[0.491,0.448],[0.345,-0.333],[0.01,-4.618]],"v":[[1.291,0.24],[1.284,-14.032],[1.043,-15.18],[-0.236,-14.729],[-1.326,-12.757],[-1.443,-10.667],[-1.443,10.742],[-1.325,12.833],[-0.239,14.811],[1.059,15.265],[1.285,14.094]]},"ix":2}},{"ty":"fl","bm":0,"hd":false,"mn":"ADBE Vector Graphic - Fill","nm":"Fill 1","c":{"a":0,"k":[0.7137,0.5255,0.2157],"ix":4},"r":1,"o":{"a":0,"k":100,"ix":5}},{"ty":"tr","a":{"a":0,"k":[0,0],"ix":1},"s":{"a":0,"k":[100,100],"ix":3},"sk":{"a":0,"k":0,"ix":4},"p":{"a":0,"k":[3.487,127.162],"ix":2},"r":{"a":0,"k":0,"ix":6},"sa":{"a":0,"k":0,"ix":5},"o":{"a":0,"k":100,"ix":7}}]},{"ty":"gr","bm":0,"hd":false,"mn":"ADBE Vector Group","nm":"Group 8","ix":8,"cix":2,"np":2,"it":[{"ty":"sh","bm":0,"hd":false,"mn":"ADBE Vector Shape - Group","nm":"Path 1","ix":1,"d":1,"ks":{"a":0,"k":{"c":true,"i":[[0,4.412],[0.002,4.342],[0.026,0.559],[0.471,-0.269],[0.145,-1.117],[0.001,-0.559],[-0.008,-7.352],[-0.096,-0.619],[-0.888,-0.523],[-0.022,0.473],[0,0.56]],"o":[[0,-4.342],[0,-0.56],[-0.023,-0.497],[-0.975,0.557],[-0.072,0.553],[-0.007,7.352],[0.001,0.628],[0.161,1.036],[0.44,0.26],[0.025,-0.56],[0.002,-4.412]],"v":[[1.372,-0.112],[1.37,-13.137],[1.343,-14.815],[0.458,-15.193],[-1.264,-12.702],[-1.365,-11.027],[-1.365,11.03],[-1.23,12.91],[0.443,15.203],[1.346,14.803],[1.37,13.124]]},"ix":2}},{"ty":"fl","bm":0,"hd":false,"mn":"ADBE Vector Graphic - Fill","nm":"Fill 1","c":{"a":0,"k":[0.7451,0.5294,0.1647],"ix":4},"r":1,"o":{"a":0,"k":100,"ix":5}},{"ty":"tr","a":{"a":0,"k":[0,0],"ix":1},"s":{"a":0,"k":[100,100],"ix":3},"sk":{"a":0,"k":0,"ix":4},"p":{"a":0,"k":[3.408,91.941],"ix":2},"r":{"a":0,"k":0,"ix":6},"sa":{"a":0,"k":0,"ix":5},"o":{"a":0,"k":100,"ix":7}}]},{"ty":"gr","bm":0,"hd":false,"mn":"ADBE Vector Group","nm":"Group 9","ix":9,"cix":2,"np":2,"it":[{"ty":"sh","bm":0,"hd":false,"mn":"ADBE Vector Shape - Group","nm":"Path 1","ix":1,"d":1,"ks":{"a":0,"k":{"c":true,"i":[[-27.851,0],[0,0],[-8.348,-0.023],[-2.146,0.711],[-1.633,8.951],[0.243,0.549],[0.291,-0.484],[6.423,-1.695],[2.324,0.001],[55.492,0],[0.421,0.012],[4.636,7.692],[0.263,0.413],[0.124,0.053],[0.032,-0.12],[-0.008,-0.069],[-7.888,-3.575],[-3.202,0.003]],"o":[[0,0],[8.348,0],[2.263,0.006],[8.639,-2.86],[0.098,-0.537],[-0.786,0.085],[-3.41,5.688],[-2.258,0.596],[-55.493,-0.009],[-0.421,0],[-9.008,-0.256],[-0.252,-0.42],[-0.059,-0.093],[-0.042,0.118],[-0.017,0.065],[1.022,8.576],[2.918,1.322],[27.851,-0.023]],"v":[[-0.085,10.291],[58.845,10.291],[83.891,10.3],[90.533,9.396],[105.94,-8.35],[105.928,-10.006],[104.814,-8.684],[90.108,2.436],[83.225,3.14],[-83.252,3.133],[-84.515,3.131],[-104.935,-8.872],[-105.669,-10.144],[-106.03,-10.307],[-106.155,-9.954],[-106.155,-9.745],[-92.866,8.564],[-83.639,10.304]]},"ix":2}},{"ty":"fl","bm":0,"hd":false,"mn":"ADBE Vector Graphic - Fill","nm":"Fill 1","c":{"a":0,"k":[0.5882,0.4706,0.2824],"ix":4},"r":1,"o":{"a":0,"k":100,"ix":5}},{"ty":"tr","a":{"a":0,"k":[0,0],"ix":1},"s":{"a":0,"k":[100,100],"ix":3},"sk":{"a":0,"k":0,"ix":4},"p":{"a":0,"k":[112.712,405.581],"ix":2},"r":{"a":0,"k":0,"ix":6},"sa":{"a":0,"k":0,"ix":5},"o":{"a":0,"k":100,"ix":7}}]},{"ty":"gr","bm":0,"hd":false,"mn":"ADBE Vector Group","nm":"Group 10","ix":10,"cix":2,"np":2,"it":[{"ty":"sh","bm":0,"hd":false,"mn":"ADBE Vector Shape - Group","nm":"Path 1","ix":1,"d":1,"ks":{"a":0,"k":{"c":true,"i":[[-0.001,59.716],[0,59.505],[0.011,0.772],[8.727,2.49],[2.533,0],[55.225,-0.001],[0.561,-0.009],[2.592,-6.857],[-0.001,-2.982],[0,-34.875],[0.001,-84.838],[-0.229,-1.538],[-8.157,-2.101],[-2.257,0.001],[-55.505,0],[-0.491,0.009],[-2.249,9.793],[0,2.107]],"o":[[0,-59.505],[0,-0.772],[-0.145,-10.25],[-2.458,-0.701],[-55.225,0.003],[-0.561,0],[-10.613,0.187],[-1.056,2.792],[0.015,34.875],[0,84.837],[0,1.544],[1.274,8.559],[2.193,0.564],[55.505,-0.009],[0.491,0],[10.052,-0.177],[0.475,-2.071],[-0.001,-59.716]],"v":[[106.2,0.019],[106.2,-178.497],[106.195,-180.813],[90.363,-201.581],[82.863,-202.429],[-82.812,-202.426],[-84.496,-202.421],[-104.713,-188.45],[-106.205,-179.797],[-106.195,-75.172],[-106.196,179.34],[-105.912,183.953],[-89.937,201.68],[-83.27,202.429],[83.245,202.422],[84.719,202.418],[105.643,185.438],[106.2,179.167]]},"ix":2}},{"ty":"fl","bm":0,"hd":false,"mn":"ADBE Vector Graphic - Fill","nm":"Fill 1","c":{"a":0,"k":[0.9843,0.7451,0.1412],"ix":4},"r":1,"o":{"a":0,"k":100,"ix":5}},{"ty":"tr","a":{"a":0,"k":[0,0],"ix":1},"s":{"a":0,"k":[100,100],"ix":3},"sk":{"a":0,"k":0,"ix":4},"p":{"a":0,"k":[112.692,204.572],"ix":2},"r":{"a":0,"k":0,"ix":6},"sa":{"a":0,"k":0,"ix":5},"o":{"a":0,"k":100,"ix":7}}]},{"ty":"gr","bm":0,"hd":false,"mn":"ADBE Vector Group","nm":"Group 11","ix":11,"cix":2,"np":2,"it":[{"ty":"sh","bm":0,"hd":false,"mn":"ADBE Vector Shape - Group","nm":"Path 1","ix":1,"d":1,"ks":{"a":0,"k":{"c":true,"i":[[0,0],[-0.614,-0.12],[-3.758,-5.865],[-0.108,-4.44],[0,-0.491],[-0.006,-122.48],[0.813,-2.565],[8.766,-2.312],[0.353,-0.435],[0,0],[0.469,0.122],[2.52,9.28],[-0.018,1.696],[0,0.701],[0,81.388],[-0.038,0.488],[1.616,0.534],[0.272,1.637],[0.001,0.697],[-0.004,7.437],[-0.06,0.485],[-1.901,0.839],[-0.247,0.128],[-0.023,0.116],[0.103,0.054],[0.259,0.109],[0.235,2.115],[0,0.42],[-0.002,7.507],[-0.033,0.349],[-2.122,0.773],[0.004,0.873],[-0.021,5.121],[0.827,0.295],[0.019,2.46],[-0.03,5.262],[-2.488,0.892],[0.01,0.648],[-0.009,1.613],[-10.089,2.903],[-1.027,0.218],[-0.237,0.307]],"o":[[0.537,0.404],[6.822,1.331],[2.408,3.76],[0.012,0.49],[0,122.479],[0,2.679],[-2.747,8.666],[-0.462,0.122],[0,0],[-0.389,-0.363],[-9.304,-2.407],[-0.441,-1.625],[0.007,-0.701],[0,-81.389],[0,-0.491],[0.107,-1.341],[-1.519,-0.501],[-0.114,-0.688],[-0.013,-7.437],[0,-0.49],[0.252,-2.041],[0.256,-0.113],[0.115,-0.059],[0.015,-0.074],[-0.247,-0.131],[-2.018,-0.843],[-0.046,-0.417],[-0.002,-7.507],[0,-0.351],[0.206,-2.212],[0.92,-0.335],[-0.027,-5.122],[0.003,-0.789],[-2.422,-0.866],[-0.041,-5.262],[0.015,-2.569],[0.636,-0.228],[-0.026,-1.613],[0.06,-10.495],[1.008,-0.29],[0.342,-0.073],[0,0]],"v":[[88.852,-208.636],[90.658,-208.146],[106.581,-197.412],[110.195,-185.054],[110.197,-183.58],[110.202,183.858],[109.229,191.758],[91.886,208.161],[90.536,208.635],[-85.889,208.635],[-87.264,208.181],[-105.035,190.667],[-105.678,185.671],[-105.678,183.567],[-105.678,-60.598],[-105.671,-62.071],[-107.324,-64.939],[-109.999,-68.465],[-110.173,-70.555],[-110.178,-92.868],[-110.115,-94.338],[-106.924,-98.698],[-106.15,-99.019],[-105.887,-99.32],[-106.117,-99.592],[-106.889,-99.928],[-110.139,-104.465],[-110.18,-105.727],[-110.18,-128.248],[-110.152,-129.3],[-106.792,-133.968],[-105.665,-135.662],[-105.669,-151.028],[-106.682,-152.604],[-110.165,-157.824],[-110.169,-173.61],[-106.518,-178.943],[-105.673,-180.191],[-105.675,-185.032],[-88.635,-207.545],[-85.559,-208.231],[-84.626,-208.636]]},"ix":2}},{"ty":"fl","bm":0,"hd":false,"mn":"ADBE Vector Graphic - Fill","nm":"Fill 1","c":{"a":0,"k":[0.9843,0.7451,0.1412],"ix":4},"r":1,"o":{"a":0,"k":100,"ix":5}},{"ty":"tr","a":{"a":0,"k":[0,0],"ix":1},"s":{"a":0,"k":[100,100],"ix":3},"sk":{"a":0,"k":0,"ix":4},"p":{"a":0,"k":[110.456,208.885],"ix":2},"r":{"a":0,"k":0,"ix":6},"sa":{"a":0,"k":0,"ix":5},"o":{"a":0,"k":100,"ix":7}}]}],"ind":5},{"ty":4,"nm":"BASE/QR Outlines","sr":1,"st":0,"op":300,"ip":0,"hd":false,"ddd":0,"bm":0,"hasMask":false,"ao":0,"ks":{"a":{"a":0,"k":[209.5,12,0],"ix":1},"s":{"a":1,"k":[{"o":{"x":1,"y":-0.008},"i":{"x":0.958,"y":0.942},"s":[0,0,100],"t":0},{"o":{"x":0.295,"y":1.101},"i":{"x":0.933,"y":1.025},"s":[113,113,100],"t":30},{"s":[100,100,100],"t":39}],"ix":6},"sk":{"a":0,"k":0},"p":{"a":0,"k":[250,453.621,0],"ix":2},"r":{"a":0,"k":0,"ix":10},"sa":{"a":0,"k":0},"o":{"a":1,"k":[{"o":{"x":0.167,"y":0.167},"i":{"x":0.833,"y":0.833},"s":[0],"t":0},{"s":[100],"t":30}],"ix":11}},"ef":[],"shapes":[{"ty":"gr","bm":0,"hd":false,"mn":"ADBE Vector Group","nm":"left","ix":1,"cix":2,"np":2,"it":[{"ty":"sh","bm":0,"hd":false,"mn":"ADBE Vector Shape - Group","nm":"Path 1","ix":1,"d":1,"ks":{"a":0,"k":{"c":true,"i":[[1.178,0],[0,0],[0,1.178],[0,0],[-1.178,0],[0,0],[0,-1.178],[0,0]],"o":[[0,0],[-1.178,0],[0,0],[0,-1.178],[0,0],[1.178,0],[0,0],[0,1.178]],"v":[[41.62,3.676],[-41.62,3.676],[-43.762,1.535],[-43.762,-1.535],[-41.62,-3.676],[41.62,-3.676],[43.762,-1.535],[43.762,1.535]]},"ix":2}},{"ty":"fl","bm":0,"hd":false,"mn":"ADBE Vector Graphic - Fill","nm":"Fill 1","c":{"a":0,"k":[0.9843,0.7451,0.1412],"ix":4},"r":1,"o":{"a":0,"k":100,"ix":5}},{"ty":"tr","a":{"a":0,"k":[0,0],"ix":1},"s":{"a":0,"k":[100,63.192],"ix":3},"sk":{"a":0,"k":0,"ix":4},"p":{"a":0,"k":[44.012,5.46],"ix":2},"r":{"a":0,"k":0,"ix":6},"sa":{"a":0,"k":0,"ix":5},"o":{"a":0,"k":100,"ix":7}}]},{"ty":"gr","bm":0,"hd":false,"mn":"ADBE Vector Group","nm":"right","ix":2,"cix":2,"np":2,"it":[{"ty":"sh","bm":0,"hd":false,"mn":"ADBE Vector Shape - Group","nm":"Path 1","ix":1,"d":1,"ks":{"a":0,"k":{"c":true,"i":[[1.178,0],[0,0],[0,1.178],[0,0],[-1.178,0],[0,0],[0,-1.178],[0,0]],"o":[[0,0],[-1.178,0],[0,0],[0,-1.178],[0,0],[1.178,0],[0,0],[0,1.178]],"v":[[41.62,3.676],[-41.62,3.676],[-43.762,1.535],[-43.762,-1.535],[-41.62,-3.676],[41.62,-3.676],[43.762,-1.535],[43.762,1.535]]},"ix":2}},{"ty":"fl","bm":0,"hd":false,"mn":"ADBE Vector Graphic - Fill","nm":"Fill 1","c":{"a":0,"k":[0.9843,0.7451,0.1412],"ix":4},"r":1,"o":{"a":0,"k":100,"ix":5}},{"ty":"tr","a":{"a":0,"k":[0,0],"ix":1},"s":{"a":0,"k":[100,100],"ix":3},"sk":{"a":0,"k":0,"ix":4},"p":{"a":0,"k":[374.48,3.926],"ix":2},"r":{"a":0,"k":0,"ix":6},"sa":{"a":0,"k":0,"ix":5},"o":{"a":0,"k":100,"ix":7}}]},{"ty":"gr","bm":0,"hd":false,"mn":"ADBE Vector Group","nm":"center","ix":3,"cix":2,"np":2,"it":[{"ty":"sh","bm":0,"hd":false,"mn":"ADBE Vector Shape - Group","nm":"Path 1","ix":1,"d":1,"ks":{"a":0,"k":{"c":true,"i":[[1.178,0],[0,0],[0,1.178],[0,0],[-1.178,0],[0,0],[0,-1.178],[0,0]],"o":[[0,0],[-1.178,0],[0,0],[0,-1.178],[0,0],[1.178,0],[0,0],[0,1.178]],"v":[[158.843,3.676],[-158.843,3.676],[-160.986,1.535],[-160.986,-1.535],[-158.843,-3.676],[158.843,-3.676],[160.985,-1.535],[160.985,1.535]]},"ix":2}},{"ty":"fl","bm":0,"hd":false,"mn":"ADBE Vector Graphic - Fill","nm":"Fill 1","c":{"a":0,"k":[0.9843,0.7451,0.1412],"ix":4},"r":1,"o":{"a":0,"k":100,"ix":5}},{"ty":"tr","a":{"a":0,"k":[0,0],"ix":1},"s":{"a":0,"k":[100,100],"ix":3},"sk":{"a":0,"k":0,"ix":4},"p":{"a":0,"k":[211.276,19.545],"ix":2},"r":{"a":0,"k":0,"ix":6},"sa":{"a":0,"k":0,"ix":5},"o":{"a":0,"k":100,"ix":7}}]}],"ind":6}],"v":"5.5.8","fr":60,"op":300,"ip":0,"assets":[]}