{"v":"5.5.8","fr":29.9700012207031,"ip":0,"op":120.0000048877,"w":312,"h":56,"nm":"Star","ddd":0,"assets":[],"layers":[{"ddd":0,"ind":1,"ty":4,"nm":"line","sr":1,"ks":{"o":{"a":0,"k":100,"ix":11},"r":{"a":0,"k":0,"ix":10},"p":{"a":0,"k":[156,28,0],"ix":2},"a":{"a":0,"k":[0,0,0],"ix":1},"s":{"a":0,"k":[100,100,100],"ix":6}},"ao":0,"shapes":[{"ty":"gr","it":[{"ind":0,"ty":"sh","ix":1,"ks":{"a":0,"k":{"i":[[0,0],[0,0]],"o":[[0,0],[0,0]],"v":[[111.75,6.625],[103.75,10.5]],"c":false},"ix":2},"nm":"패스 1","mn":"ADBE Vector Shape - Group","hd":false},{"ty":"st","c":{"a":0,"k":[0,0,0,1],"ix":3},"o":{"a":0,"k":100,"ix":4},"w":{"a":0,"k":1,"ix":5},"lc":1,"lj":1,"ml":4,"bm":0,"nm":"선 1","mn":"ADBE Vector Graphic - Stroke","hd":false},{"ty":"fl","c":{"a":0,"k":[1,0.756862745098,0.027450980392,1],"ix":4},"o":{"a":0,"k":100,"ix":5},"r":1,"bm":0,"nm":"칠 1","mn":"ADBE Vector Graphic - Fill","hd":false},{"ty":"tr","p":{"a":0,"k":[0,0],"ix":2},"a":{"a":0,"k":[0,0],"ix":1},"s":{"a":0,"k":[100,100],"ix":3},"r":{"a":0,"k":0,"ix":6},"o":{"a":0,"k":100,"ix":7},"sk":{"a":0,"k":0,"ix":4},"sa":{"a":0,"k":0,"ix":5},"nm":"변형"}],"nm":"모양 6","np":3,"cix":2,"bm":0,"ix":1,"mn":"ADBE Vector Group","hd":false},{"ty":"gr","it":[{"ind":0,"ty":"sh","ix":1,"ks":{"a":0,"k":{"i":[[0,0],[0,0]],"o":[[0,0],[0,0]],"v":[[128.25,18],[128.25,26.875]],"c":false},"ix":2},"nm":"패스 1","mn":"ADBE Vector Shape - Group","hd":false},{"ty":"st","c":{"a":0,"k":[0,0,0,1],"ix":3},"o":{"a":0,"k":100,"ix":4},"w":{"a":0,"k":1,"ix":5},"lc":1,"lj":1,"ml":4,"bm":0,"nm":"선 1","mn":"ADBE Vector Graphic - Stroke","hd":false},{"ty":"fl","c":{"a":0,"k":[1,0.756862745098,0.027450980392,1],"ix":4},"o":{"a":0,"k":100,"ix":5},"r":1,"bm":0,"nm":"칠 1","mn":"ADBE Vector Graphic - Fill","hd":false},{"ty":"tr","p":{"a":0,"k":[0,0],"ix":2},"a":{"a":0,"k":[0,0],"ix":1},"s":{"a":0,"k":[100,100],"ix":3},"r":{"a":0,"k":0,"ix":6},"o":{"a":0,"k":100,"ix":7},"sk":{"a":0,"k":0,"ix":4},"sa":{"a":0,"k":0,"ix":5},"nm":"변형"}],"nm":"모양 5","np":3,"cix":2,"bm":0,"ix":2,"mn":"ADBE Vector Group","hd":false},{"ty":"gr","it":[{"ind":0,"ty":"sh","ix":1,"ks":{"a":0,"k":{"i":[[0,0],[0,0]],"o":[[0,0],[0,0]],"v":[[144.125,6.875],[152.375,11.125]],"c":false},"ix":2},"nm":"패스 1","mn":"ADBE Vector Shape - Group","hd":false},{"ty":"st","c":{"a":0,"k":[0,0,0,1],"ix":3},"o":{"a":0,"k":100,"ix":4},"w":{"a":0,"k":1,"ix":5},"lc":1,"lj":1,"ml":4,"bm":0,"nm":"선 1","mn":"ADBE Vector Graphic - Stroke","hd":false},{"ty":"fl","c":{"a":0,"k":[1,0.756862745098,0.027450980392,1],"ix":4},"o":{"a":0,"k":100,"ix":5},"r":1,"bm":0,"nm":"칠 1","mn":"ADBE Vector Graphic - Fill","hd":false},{"ty":"tr","p":{"a":0,"k":[0,0],"ix":2},"a":{"a":0,"k":[0,0],"ix":1},"s":{"a":0,"k":[100,100],"ix":3},"r":{"a":0,"k":0,"ix":6},"o":{"a":0,"k":100,"ix":7},"sk":{"a":0,"k":0,"ix":4},"sa":{"a":0,"k":0,"ix":5},"nm":"변형"}],"nm":"모양 4","np":3,"cix":2,"bm":0,"ix":3,"mn":"ADBE Vector Group","hd":false},{"ty":"gr","it":[{"ind":0,"ty":"sh","ix":1,"ks":{"a":0,"k":{"i":[[0,0],[0,0]],"o":[[0,0],[0,0]],"v":[[116.25,-12.125],[110.125,-18.75]],"c":false},"ix":2},"nm":"패스 1","mn":"ADBE Vector Shape - Group","hd":false},{"ty":"st","c":{"a":0,"k":[0,0,0,1],"ix":3},"o":{"a":0,"k":100,"ix":4},"w":{"a":0,"k":1,"ix":5},"lc":1,"lj":1,"ml":4,"bm":0,"nm":"선 1","mn":"ADBE Vector Graphic - Stroke","hd":false},{"ty":"fl","c":{"a":0,"k":[1,0.756862745098,0.027450980392,1],"ix":4},"o":{"a":0,"k":100,"ix":5},"r":1,"bm":0,"nm":"칠 1","mn":"ADBE Vector Graphic - Fill","hd":false},{"ty":"tr","p":{"a":0,"k":[0,0],"ix":2},"a":{"a":0,"k":[0,0],"ix":1},"s":{"a":0,"k":[100,100],"ix":3},"r":{"a":0,"k":0,"ix":6},"o":{"a":0,"k":100,"ix":7},"sk":{"a":0,"k":0,"ix":4},"sa":{"a":0,"k":0,"ix":5},"nm":"변형"}],"nm":"모양 3","np":3,"cix":2,"bm":0,"ix":4,"mn":"ADBE Vector Group","hd":false},{"ty":"gr","it":[{"ind":0,"ty":"sh","ix":1,"ks":{"a":0,"k":{"i":[[0,0],[0,0]],"o":[[0,0],[0,0]],"v":[[138.625,-12],[145,-18.5]],"c":false},"ix":2},"nm":"패스 1","mn":"ADBE Vector Shape - Group","hd":false},{"ty":"st","c":{"a":0,"k":[0,0,0,1],"ix":3},"o":{"a":0,"k":100,"ix":4},"w":{"a":0,"k":1,"ix":5},"lc":1,"lj":1,"ml":4,"bm":0,"nm":"선 1","mn":"ADBE Vector Graphic - Stroke","hd":false},{"ty":"fl","c":{"a":0,"k":[1,0.756862745098,0.027450980392,1],"ix":4},"o":{"a":0,"k":100,"ix":5},"r":1,"bm":0,"nm":"칠 1","mn":"ADBE Vector Graphic - Fill","hd":false},{"ty":"gr","it":[{"ind":0,"ty":"sh","ix":1,"ks":{"a":0,"k":{"i":[[0,0]],"o":[[0,0]],"v":[[174.25,9.125]],"c":false},"ix":2},"nm":"패스 1","mn":"ADBE Vector Shape - Group","hd":false},{"ty":"st","c":{"a":0,"k":[0,0,0,1],"ix":3},"o":{"a":0,"k":100,"ix":4},"w":{"a":0,"k":1,"ix":5},"lc":1,"lj":1,"ml":4,"bm":0,"nm":"선 1","mn":"ADBE Vector Graphic - Stroke","hd":false},{"ty":"fl","c":{"a":0,"k":[1,0.756862745098,0.027450980392,1],"ix":4},"o":{"a":0,"k":100,"ix":5},"r":1,"bm":0,"nm":"칠 1","mn":"ADBE Vector Graphic - Fill","hd":false},{"ty":"tr","p":{"a":0,"k":[0,0],"ix":2},"a":{"a":0,"k":[0,0],"ix":1},"s":{"a":0,"k":[100,100],"ix":3},"r":{"a":0,"k":0,"ix":6},"o":{"a":0,"k":100,"ix":7},"sk":{"a":0,"k":0,"ix":4},"sa":{"a":0,"k":0,"ix":5},"nm":"변형"}],"nm":"모양 2","np":3,"cix":2,"bm":0,"ix":4,"mn":"ADBE Vector Group","hd":false},{"ty":"tr","p":{"a":0,"k":[0,0],"ix":2},"a":{"a":0,"k":[0,0],"ix":1},"s":{"a":0,"k":[100,100],"ix":3},"r":{"a":0,"k":0,"ix":6},"o":{"a":0,"k":100,"ix":7},"sk":{"a":0,"k":0,"ix":4},"sa":{"a":0,"k":0,"ix":5},"nm":"변형"}],"nm":"모양 1","np":4,"cix":2,"bm":0,"ix":5,"mn":"ADBE Vector Group","hd":false},{"ty":"tm","s":{"a":1,"k":[{"i":{"x":[0.833],"y":[0.833]},"o":{"x":[0.167],"y":[0.167]},"t":51,"s":[0]},{"t":60.0000024438501,"s":[100]}],"ix":1},"e":{"a":0,"k":100,"ix":2},"o":{"a":0,"k":0,"ix":3},"m":1,"ix":6,"nm":"패스 다듬어 자르기 1","mn":"ADBE Vector Filter - Trim","hd":false}],"ip":51.0000020772726,"op":120.0000048877,"st":0,"bm":0},{"ddd":0,"ind":2,"ty":4,"nm":"star 10","sr":1,"ks":{"o":{"a":0,"k":100,"ix":11},"r":{"a":0,"k":0,"ix":10},"p":{"a":0,"k":[284,27.5,0],"ix":2},"a":{"a":0,"k":[20,19.5,0],"ix":1},"s":{"a":1,"k":[{"i":{"x":[0.833,0.833,0.833],"y":[0.833,0.833,0.833]},"o":{"x":[0.167,0.167,0.167],"y":[0.167,0.167,0.167]},"t":45,"s":[30,30,100]},{"t":52.0000021180034,"s":[100,100,100]}],"ix":6}},"ao":0,"shapes":[{"ind":0,"ty":"sh","ix":1,"ks":{"a":0,"k":{"i":[[0,0],[0,0],[0.467,2.006],[0,0],[0,0],[2.053,0.163],[0,0],[0,0],[0.792,-1.891],[0,0],[0,0],[-1.563,-1.354],[0,0],[0,0],[-1.774,1.073]],"o":[[0,0],[1.773,1.074],[0,0],[0,0],[1.564,-1.353],[0,0],[0,0],[-0.792,-1.891],[0,0],[0,0],[-2.053,0.164],[0,0],[0,0],[-0.466,2.006],[0,0]],"v":[[20,32.297],[29.684,38.153],[33.16,35.634],[30.594,24.62],[39.156,17.2],[37.827,13.117],[26.557,12.16],[22.146,1.754],[17.854,1.754],[13.443,12.137],[2.173,13.093],[0.843,17.177],[9.407,24.597],[6.84,35.61],[10.317,38.13]],"c":true},"ix":2},"nm":"패스 1","mn":"ADBE Vector Shape - Group","hd":false},{"ty":"fl","c":{"a":0,"k":[1,0.756862745098,0.027450980392,1],"ix":4},"o":{"a":0,"k":100,"ix":5},"r":1,"bm":0,"nm":"칠 1","mn":"ADBE Vector Graphic - Fill","hd":false}],"ip":45.0000018328876,"op":120.0000048877,"st":45.0000018328876,"bm":0},{"ddd":0,"ind":3,"ty":4,"nm":"star 9","sr":1,"ks":{"o":{"a":0,"k":100,"ix":11},"r":{"a":0,"k":0,"ix":10},"p":{"a":0,"k":[220,27.5,0],"ix":2},"a":{"a":0,"k":[20,19.5,0],"ix":1},"s":{"a":1,"k":[{"i":{"x":[0.833,0.833,0.833],"y":[0.833,0.833,0.833]},"o":{"x":[0.167,0.167,0.167],"y":[0.167,0.167,0.167]},"t":40,"s":[30,30,100]},{"t":47.0000019143492,"s":[100,100,100]}],"ix":6}},"ao":0,"shapes":[{"ind":0,"ty":"sh","ix":1,"ks":{"a":0,"k":{"i":[[0,0],[0,0],[0.467,2.006],[0,0],[0,0],[2.053,0.163],[0,0],[0,0],[0.792,-1.891],[0,0],[0,0],[-1.563,-1.354],[0,0],[0,0],[-1.774,1.073]],"o":[[0,0],[1.773,1.074],[0,0],[0,0],[1.564,-1.353],[0,0],[0,0],[-0.792,-1.891],[0,0],[0,0],[-2.053,0.164],[0,0],[0,0],[-0.466,2.006],[0,0]],"v":[[20,32.297],[29.684,38.153],[33.16,35.634],[30.594,24.62],[39.156,17.2],[37.827,13.117],[26.557,12.16],[22.146,1.754],[17.854,1.754],[13.443,12.137],[2.173,13.093],[0.843,17.177],[9.407,24.597],[6.84,35.61],[10.317,38.13]],"c":true},"ix":2},"nm":"패스 1","mn":"ADBE Vector Shape - Group","hd":false},{"ty":"fl","c":{"a":0,"k":[1,0.756862745098,0.027450980392,1],"ix":4},"o":{"a":0,"k":100,"ix":5},"r":1,"bm":0,"nm":"칠 1","mn":"ADBE Vector Graphic - Fill","hd":false}],"ip":40.0000016292334,"op":120.0000048877,"st":40.0000016292334,"bm":0},{"ddd":0,"ind":4,"ty":4,"nm":"star 8","sr":1,"ks":{"o":{"a":0,"k":100,"ix":11},"r":{"a":0,"k":0,"ix":10},"p":{"a":0,"k":[156,27.5,0],"ix":2},"a":{"a":0,"k":[20,19.5,0],"ix":1},"s":{"a":1,"k":[{"i":{"x":[0.833,0.833,0.833],"y":[0.833,0.833,0.833]},"o":{"x":[0.167,0.167,0.167],"y":[0.167,0.167,0.167]},"t":35,"s":[30,30,100]},{"t":42.0000017106951,"s":[100,100,100]}],"ix":6}},"ao":0,"shapes":[{"ind":0,"ty":"sh","ix":1,"ks":{"a":0,"k":{"i":[[0,0],[0,0],[0.467,2.006],[0,0],[0,0],[2.053,0.163],[0,0],[0,0],[0.792,-1.891],[0,0],[0,0],[-1.563,-1.354],[0,0],[0,0],[-1.774,1.073]],"o":[[0,0],[1.773,1.074],[0,0],[0,0],[1.564,-1.353],[0,0],[0,0],[-0.792,-1.891],[0,0],[0,0],[-2.053,0.164],[0,0],[0,0],[-0.466,2.006],[0,0]],"v":[[20,32.297],[29.684,38.153],[33.16,35.634],[30.594,24.62],[39.156,17.2],[37.827,13.117],[26.557,12.16],[22.146,1.754],[17.854,1.754],[13.443,12.137],[2.173,13.093],[0.843,17.177],[9.407,24.597],[6.84,35.61],[10.317,38.13]],"c":true},"ix":2},"nm":"패스 1","mn":"ADBE Vector Shape - Group","hd":false},{"ty":"fl","c":{"a":0,"k":[1,0.756862745098,0.027450980392,1],"ix":4},"o":{"a":0,"k":100,"ix":5},"r":1,"bm":0,"nm":"칠 1","mn":"ADBE Vector Graphic - Fill","hd":false}],"ip":35.0000014255792,"op":120.0000048877,"st":35.0000014255792,"bm":0},{"ddd":0,"ind":5,"ty":4,"nm":"star 7","sr":1,"ks":{"o":{"a":0,"k":100,"ix":11},"r":{"a":0,"k":0,"ix":10},"p":{"a":0,"k":[92,27.5,0],"ix":2},"a":{"a":0,"k":[20,19.5,0],"ix":1},"s":{"a":1,"k":[{"i":{"x":[0.833,0.833,0.833],"y":[0.833,0.833,0.833]},"o":{"x":[0.167,0.167,0.167],"y":[0.167,0.167,0.167]},"t":30,"s":[30,30,100]},{"t":37.0000015070409,"s":[100,100,100]}],"ix":6}},"ao":0,"shapes":[{"ind":0,"ty":"sh","ix":1,"ks":{"a":0,"k":{"i":[[0,0],[0,0],[0.467,2.006],[0,0],[0,0],[2.053,0.163],[0,0],[0,0],[0.792,-1.891],[0,0],[0,0],[-1.563,-1.354],[0,0],[0,0],[-1.774,1.073]],"o":[[0,0],[1.773,1.074],[0,0],[0,0],[1.564,-1.353],[0,0],[0,0],[-0.792,-1.891],[0,0],[0,0],[-2.053,0.164],[0,0],[0,0],[-0.466,2.006],[0,0]],"v":[[20,32.297],[29.684,38.153],[33.16,35.634],[30.594,24.62],[39.156,17.2],[37.827,13.117],[26.557,12.16],[22.146,1.754],[17.854,1.754],[13.443,12.137],[2.173,13.093],[0.843,17.177],[9.407,24.597],[6.84,35.61],[10.317,38.13]],"c":true},"ix":2},"nm":"패스 1","mn":"ADBE Vector Shape - Group","hd":false},{"ty":"fl","c":{"a":0,"k":[1,0.756862745098,0.027450980392,1],"ix":4},"o":{"a":0,"k":100,"ix":5},"r":1,"bm":0,"nm":"칠 1","mn":"ADBE Vector Graphic - Fill","hd":false}],"ip":30.0000012219251,"op":120.0000048877,"st":30.0000012219251,"bm":0},{"ddd":0,"ind":6,"ty":4,"nm":"star 6","sr":1,"ks":{"o":{"a":0,"k":100,"ix":11},"r":{"a":0,"k":0,"ix":10},"p":{"a":0,"k":[28,27.5,0],"ix":2},"a":{"a":0,"k":[20,19.5,0],"ix":1},"s":{"a":1,"k":[{"i":{"x":[0.833,0.833,0.833],"y":[0.833,0.833,0.833]},"o":{"x":[0.167,0.167,0.167],"y":[0.167,0.167,0.167]},"t":25,"s":[30,30,100]},{"t":32.0000013033867,"s":[100,100,100]}],"ix":6}},"ao":0,"shapes":[{"ind":0,"ty":"sh","ix":1,"ks":{"a":0,"k":{"i":[[0,0],[0,0],[0.467,2.006],[0,0],[0,0],[2.053,0.163],[0,0],[0,0],[0.792,-1.891],[0,0],[0,0],[-1.563,-1.354],[0,0],[0,0],[-1.774,1.073]],"o":[[0,0],[1.773,1.074],[0,0],[0,0],[1.564,-1.353],[0,0],[0,0],[-0.792,-1.891],[0,0],[0,0],[-2.053,0.164],[0,0],[0,0],[-0.466,2.006],[0,0]],"v":[[20,32.297],[29.684,38.153],[33.16,35.634],[30.594,24.62],[39.156,17.2],[37.827,13.117],[26.557,12.16],[22.146,1.754],[17.854,1.754],[13.443,12.137],[2.173,13.093],[0.843,17.177],[9.407,24.597],[6.84,35.61],[10.317,38.13]],"c":true},"ix":2},"nm":"패스 1","mn":"ADBE Vector Shape - Group","hd":false},{"ty":"fl","c":{"a":0,"k":[1,0.756862745098,0.027450980392,1],"ix":4},"o":{"a":0,"k":100,"ix":5},"r":1,"bm":0,"nm":"칠 1","mn":"ADBE Vector Graphic - Fill","hd":false}],"ip":25.0000010182709,"op":120.0000048877,"st":25.0000010182709,"bm":0},{"ddd":0,"ind":7,"ty":4,"nm":"star 5","sr":1,"ks":{"o":{"a":0,"k":100,"ix":11},"r":{"a":0,"k":0,"ix":10},"p":{"a":0,"k":[284,27.5,0],"ix":2},"a":{"a":0,"k":[20,19.5,0],"ix":1},"s":{"a":1,"k":[{"i":{"x":[0.833,0.833,0.833],"y":[0.833,0.833,0.833]},"o":{"x":[0.167,0.167,0.167],"y":[0.167,0.167,0.167]},"t":20,"s":[30,30,100]},{"t":27.0000010997325,"s":[100,100,100]}],"ix":6}},"ao":0,"shapes":[{"ind":0,"ty":"sh","ix":1,"ks":{"a":0,"k":{"i":[[0,0],[0,0],[0.467,2.006],[0,0],[0,0],[2.053,0.163],[0,0],[0,0],[0.792,-1.891],[0,0],[0,0],[-1.563,-1.354],[0,0],[0,0],[-1.774,1.073]],"o":[[0,0],[1.773,1.074],[0,0],[0,0],[1.564,-1.353],[0,0],[0,0],[-0.792,-1.891],[0,0],[0,0],[-2.053,0.164],[0,0],[0,0],[-0.466,2.006],[0,0]],"v":[[20,32.297],[29.684,38.153],[33.16,35.634],[30.594,24.62],[39.156,17.2],[37.827,13.117],[26.557,12.16],[22.146,1.754],[17.854,1.754],[13.443,12.137],[2.173,13.093],[0.843,17.177],[9.407,24.597],[6.84,35.61],[10.317,38.13]],"c":true},"ix":2},"nm":"패스 1","mn":"ADBE Vector Shape - Group","hd":false},{"ty":"fl","c":{"a":0,"k":[0.882352941176,0.882352941176,0.882352941176,1],"ix":4},"o":{"a":0,"k":100,"ix":5},"r":1,"bm":0,"nm":"칠 1","mn":"ADBE Vector Graphic - Fill","hd":false}],"ip":20.0000008146167,"op":120.0000048877,"st":20.0000008146167,"bm":0},{"ddd":0,"ind":8,"ty":4,"nm":"star 4","sr":1,"ks":{"o":{"a":0,"k":100,"ix":11},"r":{"a":0,"k":0,"ix":10},"p":{"a":0,"k":[220,27.5,0],"ix":2},"a":{"a":0,"k":[20,19.5,0],"ix":1},"s":{"a":1,"k":[{"i":{"x":[0.833,0.833,0.833],"y":[0.833,0.833,0.833]},"o":{"x":[0.167,0.167,0.167],"y":[0.167,0.167,0.167]},"t":15,"s":[30,30,100]},{"t":22.0000008960784,"s":[100,100,100]}],"ix":6}},"ao":0,"shapes":[{"ind":0,"ty":"sh","ix":1,"ks":{"a":0,"k":{"i":[[0,0],[0,0],[0.467,2.006],[0,0],[0,0],[2.053,0.163],[0,0],[0,0],[0.792,-1.891],[0,0],[0,0],[-1.563,-1.354],[0,0],[0,0],[-1.774,1.073]],"o":[[0,0],[1.773,1.074],[0,0],[0,0],[1.564,-1.353],[0,0],[0,0],[-0.792,-1.891],[0,0],[0,0],[-2.053,0.164],[0,0],[0,0],[-0.466,2.006],[0,0]],"v":[[20,32.297],[29.684,38.153],[33.16,35.634],[30.594,24.62],[39.156,17.2],[37.827,13.117],[26.557,12.16],[22.146,1.754],[17.854,1.754],[13.443,12.137],[2.173,13.093],[0.843,17.177],[9.407,24.597],[6.84,35.61],[10.317,38.13]],"c":true},"ix":2},"nm":"패스 1","mn":"ADBE Vector Shape - Group","hd":false},{"ty":"fl","c":{"a":0,"k":[0.882352941176,0.882352941176,0.882352941176,1],"ix":4},"o":{"a":0,"k":100,"ix":5},"r":1,"bm":0,"nm":"칠 1","mn":"ADBE Vector Graphic - Fill","hd":false}],"ip":15.0000006109625,"op":120.0000048877,"st":15.0000006109625,"bm":0},{"ddd":0,"ind":9,"ty":4,"nm":"star 3","sr":1,"ks":{"o":{"a":0,"k":100,"ix":11},"r":{"a":0,"k":0,"ix":10},"p":{"a":0,"k":[156,27.5,0],"ix":2},"a":{"a":0,"k":[20,19.5,0],"ix":1},"s":{"a":1,"k":[{"i":{"x":[0.833,0.833,0.833],"y":[0.833,0.833,0.833]},"o":{"x":[0.167,0.167,0.167],"y":[0.167,0.167,0.167]},"t":10,"s":[30,30,100]},{"t":17.0000006924242,"s":[100,100,100]}],"ix":6}},"ao":0,"shapes":[{"ind":0,"ty":"sh","ix":1,"ks":{"a":0,"k":{"i":[[0,0],[0,0],[0.467,2.006],[0,0],[0,0],[2.053,0.163],[0,0],[0,0],[0.792,-1.891],[0,0],[0,0],[-1.563,-1.354],[0,0],[0,0],[-1.774,1.073]],"o":[[0,0],[1.773,1.074],[0,0],[0,0],[1.564,-1.353],[0,0],[0,0],[-0.792,-1.891],[0,0],[0,0],[-2.053,0.164],[0,0],[0,0],[-0.466,2.006],[0,0]],"v":[[20,32.297],[29.684,38.153],[33.16,35.634],[30.594,24.62],[39.156,17.2],[37.827,13.117],[26.557,12.16],[22.146,1.754],[17.854,1.754],[13.443,12.137],[2.173,13.093],[0.843,17.177],[9.407,24.597],[6.84,35.61],[10.317,38.13]],"c":true},"ix":2},"nm":"패스 1","mn":"ADBE Vector Shape - Group","hd":false},{"ty":"fl","c":{"a":0,"k":[0.882352941176,0.882352941176,0.882352941176,1],"ix":4},"o":{"a":0,"k":100,"ix":5},"r":1,"bm":0,"nm":"칠 1","mn":"ADBE Vector Graphic - Fill","hd":false}],"ip":10.0000004073083,"op":120.0000048877,"st":10.0000004073083,"bm":0},{"ddd":0,"ind":10,"ty":4,"nm":"star 2","sr":1,"ks":{"o":{"a":0,"k":100,"ix":11},"r":{"a":0,"k":0,"ix":10},"p":{"a":0,"k":[92,27.5,0],"ix":2},"a":{"a":0,"k":[20,19.5,0],"ix":1},"s":{"a":1,"k":[{"i":{"x":[0.833,0.833,0.833],"y":[0.833,0.833,0.833]},"o":{"x":[0.167,0.167,0.167],"y":[0.167,0.167,0.167]},"t":5,"s":[30,30,100]},{"t":12.00000048877,"s":[100,100,100]}],"ix":6}},"ao":0,"shapes":[{"ind":0,"ty":"sh","ix":1,"ks":{"a":0,"k":{"i":[[0,0],[0,0],[0.467,2.006],[0,0],[0,0],[2.053,0.163],[0,0],[0,0],[0.792,-1.891],[0,0],[0,0],[-1.563,-1.354],[0,0],[0,0],[-1.774,1.073]],"o":[[0,0],[1.773,1.074],[0,0],[0,0],[1.564,-1.353],[0,0],[0,0],[-0.792,-1.891],[0,0],[0,0],[-2.053,0.164],[0,0],[0,0],[-0.466,2.006],[0,0]],"v":[[20,32.297],[29.684,38.153],[33.16,35.634],[30.594,24.62],[39.156,17.2],[37.827,13.117],[26.557,12.16],[22.146,1.754],[17.854,1.754],[13.443,12.137],[2.173,13.093],[0.843,17.177],[9.407,24.597],[6.84,35.61],[10.317,38.13]],"c":true},"ix":2},"nm":"패스 1","mn":"ADBE Vector Shape - Group","hd":false},{"ty":"fl","c":{"a":0,"k":[0.882352941176,0.882352941176,0.882352941176,1],"ix":4},"o":{"a":0,"k":100,"ix":5},"r":1,"bm":0,"nm":"칠 1","mn":"ADBE Vector Graphic - Fill","hd":false}],"ip":5.00000020365417,"op":120.0000048877,"st":5.00000020365417,"bm":0},{"ddd":0,"ind":11,"ty":4,"nm":"star","sr":1,"ks":{"o":{"a":0,"k":100,"ix":11},"r":{"a":0,"k":0,"ix":10},"p":{"a":0,"k":[28,27.5,0],"ix":2},"a":{"a":0,"k":[20,19.5,0],"ix":1},"s":{"a":1,"k":[{"i":{"x":[0.833,0.833,0.833],"y":[0.833,0.833,0.833]},"o":{"x":[0.167,0.167,0.167],"y":[0.167,0.167,0.167]},"t":0,"s":[30,30,100]},{"t":7.00000028511585,"s":[100,100,100]}],"ix":6}},"ao":0,"shapes":[{"ind":0,"ty":"sh","ix":1,"ks":{"a":0,"k":{"i":[[0,0],[0,0],[0.467,2.006],[0,0],[0,0],[2.053,0.163],[0,0],[0,0],[0.792,-1.891],[0,0],[0,0],[-1.563,-1.354],[0,0],[0,0],[-1.774,1.073]],"o":[[0,0],[1.773,1.074],[0,0],[0,0],[1.564,-1.353],[0,0],[0,0],[-0.792,-1.891],[0,0],[0,0],[-2.053,0.164],[0,0],[0,0],[-0.466,2.006],[0,0]],"v":[[20,32.297],[29.684,38.153],[33.16,35.634],[30.594,24.62],[39.156,17.2],[37.827,13.117],[26.557,12.16],[22.146,1.754],[17.854,1.754],[13.443,12.137],[2.173,13.093],[0.843,17.177],[9.407,24.597],[6.84,35.61],[10.317,38.13]],"c":true},"ix":2},"nm":"패스 1","mn":"ADBE Vector Shape - Group","hd":false},{"ty":"fl","c":{"a":0,"k":[0.882352941176,0.882352941176,0.882352941176,1],"ix":4},"o":{"a":0,"k":100,"ix":5},"r":1,"bm":0,"nm":"칠 1","mn":"ADBE Vector Graphic - Fill","hd":false}],"ip":0,"op":120.0000048877,"st":0,"bm":0}],"markers":[]}